receiver_type,gene,test_r2
IT-ET Glut,Nr4a2,0.5870995191328218
IT-ET Glut,Shisa6,0.45193389052406374
IT-ET Glut,Kit,0.3867429202304249
IT-ET Glut,Synpr,0.3749852882488991
IT-ET Glut,Rxfp1,0.37494157616760837
IT-ET Glut,Col11a1,0.3732753556515047
IT-ET Glut,Syt17,0.3256508930755947
IT-ET Glut,Sema5a,0.31693929207872973
IT-ET Glut,Fxyd6,0.3105403402055744
IT-ET Glut,Cbln1,0.307623170574715
IT-ET Glut,Slc30a3,0.2732880060670494
IT-ET Glut,C1ql3,0.261630819061217
IT-ET Glut,Mdga1,0.2504132513879004
IT-ET Glut,Trhde,0.24385484504515909
IT-ET Glut,Nfix,0.24345399094611408
IT-ET Glut,Cd34,0.2240856698631889
IT-ET Glut,Rgs6,0.22364039733689112
IT-ET Glut,Kcng1,0.21248830389405826
IT-ET Glut,Rasgrp1,0.20982702506409123
IT-ET Glut,Ccn3,0.19994335633485227
IT-ET Glut,Bmp3,0.1844091167898606
IT-ET Glut,Scn4b,0.17823645204651672
IT-ET Glut,Syndig1,0.17632802292034233
IT-ET Glut,Epha4,0.17530981769248744
IT-ET Glut,Tmem215,0.16298184370221291
IT-ET Glut,Nrn1,0.16060474938321423
IT-ET Glut,Gda,0.1592961401433124
IT-ET Glut,Htr2a,0.1580496693424185
IT-ET Glut,Kcnab3,0.15800968739755006
IT-ET Glut,Sorcs3,0.15527639238701807
IT-ET Glut,Samd5,0.1519554034035504
IT-ET Glut,Sv2b,0.15069723270225654
IT-ET Glut,Grik3,0.13233058128518282
IT-ET Glut,Zbtb16,0.12972017262222824
IT-ET Glut,Slc17a6,0.1270089705831775
IT-ET Glut,Chrm3,0.1264439880834669
IT-ET Glut,Zeb2,0.12348820739955346
IT-ET Glut,Mkx,0.11486205472259658
IT-ET Glut,Grm1,0.11103480442830826
IT-ET Glut,Hs3st2,0.1108363373063479
IT-ET Glut,Nr4a3,0.10840238234857447
IT-ET Glut,Cacng3,0.10641791645291243
IT-ET Glut,Chrm2,0.08499703269172543
IT-ET Glut,Nfib,0.08219539820453758
IT-ET Glut,Nr2f2,0.08125253695825851
IT-ET Glut,Pou3f3,0.08034558650048207
IT-ET Glut,Osbpl3,0.07811235620729517
IT-ET Glut,Cntn6,0.07639088070484801
IT-ET Glut,Otof,0.0741896506832278
IT-ET Glut,Nwd2,0.0719240660479854
IT-ET Glut,Marcksl1,0.06903025042195488
IT-ET Glut,Nos1,0.0684879378090224
IT-ET Glut,Caln1,0.06765064013016642
IT-ET Glut,Cdh20,0.06392264192095432
IT-ET Glut,Ramp1,0.06351901143869332
IT-ET Glut,Col5a1,0.0602719857319588
IT-ET Glut,Adcy2,0.056465364131450646
IT-ET Glut,Medag,0.052982761053644634
IT-ET Glut,Htr1b,0.052820131787992275
IT-ET Glut,Glra3,0.05061708888411787
IT-ET Glut,Hs3st4,0.04336851561589283
IT-ET Glut,Necab1,0.03960394174676529
IT-ET Glut,Grm3,0.03803817936124676
IT-ET Glut,Fosl2,0.03628601820497679
IT-ET Glut,Frzb,0.03284063519231428
IT-ET Glut,Man1a,0.032534629124683856
IT-ET Glut,Syt10,0.017015756369823665
IT-ET Glut,Galnt18,0.015366269534566657
IT-ET Glut,Spon1,0.015074505685720663
IT-ET Glut,Gsta4,0.014356546780801782
IT-ET Glut,Smoc2,0.012299597502857251
IT-ET Glut,Gja1,0.008772392908619198
IT-ET Glut,Kitl,0.008502514350450352
IT-ET Glut,Sv2c,0.006925764647155885
IT-ET Glut,Crym,0.0027635383900240784
IT-ET Glut,Tafa2,-0.00033700045837070647
IT-ET Glut,Foxo1,-0.0004212391439875063
IT-ET Glut,Ccnd2,-0.0005231849714291137
IT-ET Glut,Nr2f1,-0.0013084000738763368
IT-ET Glut,Nptx2,-0.0016071182647827698
IT-ET Glut,Sox10,-0.0018699738637972807
IT-ET Glut,Cbln4,-0.0025905954443408152
IT-ET Glut,Slit3,-0.004176055382934196
IT-ET Glut,Ptprm,-0.009907556230243308
IT-ET Glut,Tox3,-0.011013664111594323
IT-ET Glut,Pdzrn3,-0.017362817149032095
IT-ET Glut,Pde1a,-0.017611165535948325
IT-ET Glut,Gpr83,-0.01860927702310211
IT-ET Glut,Egr2,-0.021417934803308558
IT-ET Glut,Sox5,-0.023967093591614086
IT-ET Glut,Fibcd1,-0.02414220750926721
IT-ET Glut,Slc1a3,-0.025285673546412202
IT-ET Glut,Syt2,-0.026199549879484252
IT-ET Glut,Ccdc3,-0.027468162987471345
IT-ET Glut,Spock3,-0.028172778093677797
IT-ET Glut,Cdkn1a,-0.029730258088983774
IT-ET Glut,Ctss,-0.03154314158909921
IT-ET Glut,Ighm,-0.033043206593345475
IT-ET Glut,Onecut2,-0.035265402325560746
IT-ET Glut,Parm1,-0.03568587819838642
IT-ET Glut,Cxcl14,-0.04274926812479629
IT-ET Glut,Unc5d,-0.045312122730958526
IT-ET Glut,Igfbp6,-0.04913560792663185
IT-ET Glut,Cnr1,-0.05428288609065546
IT-ET Glut,Gpr88,-0.05607999261935759
IT-ET Glut,Bcl11a,-0.056575744355357394
IT-ET Glut,Mog,-0.05716983838798129
IT-ET Glut,Sema3e,-0.06122620415613178
IT-ET Glut,Rprm,-0.06634782043386922
IT-ET Glut,Myo5b,-0.07595528847740063
IT-ET Glut,Unc13c,-0.07668168997516833
IT-ET Glut,Rorb,-0.08238431395063706
IT-ET Glut,Sulf2,-0.08310017183506213
IT-ET Glut,Pcp4l1,-0.0843301544174262
IT-ET Glut,Tox,-0.08547339917148356
IT-ET Glut,A830036E02Rik,-0.08925395225303201
IT-ET Glut,Grik1,-0.09140411431538986
IT-ET Glut,Whrn,-0.09176022001121198
IT-ET Glut,Drd5,-0.09983908468104086
IT-ET Glut,Ust,-0.11794351038700257
IT-ET Glut,Kl,-0.11982749976380203
IT-ET Glut,Fras1,-0.12068943986984171
IT-ET Glut,Opalin,-0.1220061568513855
IT-ET Glut,Ldb2,-0.13166318132201615
IT-ET Glut,Lpl,-0.13328937430866494
IT-ET Glut,Gfap,-0.134426211469165
IT-ET Glut,Pou3f1,-0.1345263564978676
IT-ET Glut,Tshz2,-0.13688355227197668
IT-ET Glut,Kcnk9,-0.14992299996412473
IT-ET Glut,Zfpm2,-0.1608536354784611
IT-ET Glut,St6galnac5,-0.17046677028869817
IT-ET Glut,Igfbp4,-0.17578429481649271
IT-ET Glut,Car4,-0.18923583912925013
IT-ET Glut,Zfhx4,-0.19701865487121273
IT-ET Glut,Cdh6,-0.20862601239633416
IT-ET Glut,Lypd1,-0.22327084014536824
IT-ET Glut,Lhfp,-0.22920890273207273
IT-ET Glut,Ptk2b,-0.2370289574266109
IT-ET Glut,Dscaml1,-0.24521117094993206
IT-ET Glut,Calb1,-0.2587242874079383
IT-ET Glut,Rgs4,-0.2969385563505702
IT-ET Glut,Stxbp6,-0.3252242210272369
IT-ET Glut,Nrp1,-0.3256747591520459
IT-ET Glut,Lmo3,-0.335770439782729
IT-ET Glut,Rab3b,-0.4488773577442289
IT-ET Glut,Lamp5,-0.7200847627924736
IT-ET Glut,Ndst4,-0.7578569052585673
IT-ET Glut,Npy2r,-1.1808928569563486
IT-ET Glut,Bcl11b,-1.2527989162538673
IT-ET Glut,Cyp26b1,-2.6984710899283444
NP-CT-L6b Glut,Nrp1,0.2564354424104234
NP-CT-L6b Glut,Syt6,0.25090899774501674
NP-CT-L6b Glut,Zfpm2,0.23752467792113774
NP-CT-L6b Glut,Col5a1,0.23306852742364625
NP-CT-L6b Glut,Rprm,0.22598982998824002
NP-CT-L6b Glut,Necab1,0.19274179799243685
NP-CT-L6b Glut,Nptx2,0.1923865510657835
NP-CT-L6b Glut,Kcnk9,0.19163006566059648
NP-CT-L6b Glut,Rgs4,0.19127354266707597
NP-CT-L6b Glut,Crym,0.16433598568985996
NP-CT-L6b Glut,Abi3bp,0.15376318337016104
NP-CT-L6b Glut,Lhfp,0.15084502653349485
NP-CT-L6b Glut,Sox5,0.1486038334612112
NP-CT-L6b Glut,Pou3f3,0.11521931747689729
NP-CT-L6b Glut,Grm3,0.10815205101089209
NP-CT-L6b Glut,Nfib,0.10496203183023656
NP-CT-L6b Glut,Galnt14,0.10489948311146724
NP-CT-L6b Glut,Sema5a,0.09987407605462761
NP-CT-L6b Glut,Grm8,0.09682298135298617
NP-CT-L6b Glut,Slc38a1,0.09180869276033077
NP-CT-L6b Glut,Fosl2,0.08844252848513778
NP-CT-L6b Glut,Rgs6,0.08828313333665827
NP-CT-L6b Glut,Dscaml1,0.0850338831896843
NP-CT-L6b Glut,Vwc2l,0.08351463000676917
NP-CT-L6b Glut,Zeb2,0.08212117798564023
NP-CT-L6b Glut,Nrn1,0.07951771669219898
NP-CT-L6b Glut,Sv2b,0.07769331222703812
NP-CT-L6b Glut,Grik3,0.07640447779113857
NP-CT-L6b Glut,Ramp3,0.07483012923544996
NP-CT-L6b Glut,Hs3st4,0.07412610804899433
NP-CT-L6b Glut,Osbpl3,0.07332092864120121
NP-CT-L6b Glut,Hs3st2,0.07118369368341781
NP-CT-L6b Glut,Cyp26b1,0.06589611413868646
NP-CT-L6b Glut,Spock3,0.06348914461305466
NP-CT-L6b Glut,Cacng3,0.058434870068916345
NP-CT-L6b Glut,Synpr,0.056366366891180464
NP-CT-L6b Glut,Nxph4,0.05434537542633677
NP-CT-L6b Glut,Lmo3,0.05221061418255213
NP-CT-L6b Glut,Galnt18,0.05040974579883184
NP-CT-L6b Glut,Cxcl14,0.050140006919980884
NP-CT-L6b Glut,Ccnd2,0.048079188041183496
NP-CT-L6b Glut,Slc17a6,0.04646718163309416
NP-CT-L6b Glut,Zbtb16,0.046098099054005526
NP-CT-L6b Glut,Bcl11a,0.04563953619263472
NP-CT-L6b Glut,Kcng1,0.04430105876787693
NP-CT-L6b Glut,Lypd1,0.038774265960037746
NP-CT-L6b Glut,Cbln2,0.036675274492426135
NP-CT-L6b Glut,Ccn4,0.036641741044620924
NP-CT-L6b Glut,Ramp1,0.03440588191536775
NP-CT-L6b Glut,Nr4a3,0.030594115884903794
NP-CT-L6b Glut,Adcy2,0.03012063880272553
NP-CT-L6b Glut,Arhgap25,0.02922487340819735
NP-CT-L6b Glut,Myo5b,0.026981752597719844
NP-CT-L6b Glut,Grik1,0.025178993500379776
NP-CT-L6b Glut,Epha4,0.02460708313681903
NP-CT-L6b Glut,Lpar1,0.022018190320784337
NP-CT-L6b Glut,Whrn,0.017840927078234592
NP-CT-L6b Glut,Samd5,0.016291929188375076
NP-CT-L6b Glut,Ccn3,0.0141627138418281
NP-CT-L6b Glut,Aqp4,0.01276993123187431
NP-CT-L6b Glut,Ldb2,0.01093191494512502
NP-CT-L6b Glut,Tbcc,0.009582753030269564
NP-CT-L6b Glut,Clic5,0.008551705074585914
NP-CT-L6b Glut,Pvalb,0.008329101901816238
NP-CT-L6b Glut,Nxph1,0.008171269931615766
NP-CT-L6b Glut,Grin2c,0.004519032573473192
NP-CT-L6b Glut,Sox10,0.004359163883271067
NP-CT-L6b Glut,Serpine2,0.004256614561325978
NP-CT-L6b Glut,Kazald1,0.002162550030454624
NP-CT-L6b Glut,Slc32a1,0.0019034104318690348
NP-CT-L6b Glut,Ctss,0.0005202890519555581
NP-CT-L6b Glut,Cldn5,-0.000567235059555582
NP-CT-L6b Glut,Moxd1,-0.0019403830408590839
NP-CT-L6b Glut,Stxbp6,-0.0025334435624748686
NP-CT-L6b Glut,Pdzrn3,-0.0035465394152773833
NP-CT-L6b Glut,Ptk2b,-0.003848428731707987
NP-CT-L6b Glut,Sema3e,-0.004391712149001359
NP-CT-L6b Glut,Bcl11b,-0.0050128519245802305
NP-CT-L6b Glut,Sox2,-0.00560317238415764
NP-CT-L6b Glut,Cntn6,-0.00824733370849362
NP-CT-L6b Glut,Gja1,-0.008282871026302319
NP-CT-L6b Glut,Parm1,-0.011812857072937222
NP-CT-L6b Glut,Drd1,-0.012611218896679377
NP-CT-L6b Glut,St3gal1,-0.012960844640290903
NP-CT-L6b Glut,Chrm3,-0.013664393192724944
NP-CT-L6b Glut,Igfbp4,-0.015310807008642957
NP-CT-L6b Glut,Slc1a3,-0.01613022181634749
NP-CT-L6b Glut,Igfbp6,-0.016292374132416576
NP-CT-L6b Glut,Htr2a,-0.016477218716040243
NP-CT-L6b Glut,Gad2,-0.017328429893429753
NP-CT-L6b Glut,Slc17a8,-0.01885989056369386
NP-CT-L6b Glut,Hopx,-0.022236236676861365
NP-CT-L6b Glut,Qpct,-0.025028463922728506
NP-CT-L6b Glut,Lrp4,-0.025810789023914538
NP-CT-L6b Glut,Pcp4l1,-0.02644924449473729
NP-CT-L6b Glut,Tox,-0.027805850084220873
NP-CT-L6b Glut,Egr2,-0.029366115575125917
NP-CT-L6b Glut,Sorcs3,-0.030021195055145444
NP-CT-L6b Glut,Slit3,-0.030878493007070018
NP-CT-L6b Glut,Syt2,-0.03315356017839077
NP-CT-L6b Glut,Cnr1,-0.03411844975776712
NP-CT-L6b Glut,Gfap,-0.03414671243546641
NP-CT-L6b Glut,Marcksl1,-0.0341524405926692
NP-CT-L6b Glut,Mog,-0.034864689436412855
NP-CT-L6b Glut,Elfn1,-0.035825952550536
NP-CT-L6b Glut,Ighm,-0.03688054133351426
NP-CT-L6b Glut,Ltbp1,-0.03710435562101222
NP-CT-L6b Glut,C1ql3,-0.03739508383275125
NP-CT-L6b Glut,Tgfbr2,-0.038905447484361755
NP-CT-L6b Glut,Tshz2,-0.04053739412549251
NP-CT-L6b Glut,Adra1b,-0.04880230731884616
NP-CT-L6b Glut,Chn2,-0.04962845188084497
NP-CT-L6b Glut,Nr2f1,-0.05015536091783268
NP-CT-L6b Glut,Rxfp1,-0.05039663784614157
NP-CT-L6b Glut,St6galnac5,-0.052162628715646475
NP-CT-L6b Glut,Serpinb8,-0.05373441172856297
NP-CT-L6b Glut,Opalin,-0.05471130701074434
NP-CT-L6b Glut,Kit,-0.056624898968781645
NP-CT-L6b Glut,Cdkn1a,-0.05831582766981125
NP-CT-L6b Glut,Syt10,-0.05933298019184119
NP-CT-L6b Glut,Cd34,-0.059695882605498296
NP-CT-L6b Glut,Col23a1,-0.0626583408952639
NP-CT-L6b Glut,Mdga1,-0.08215911225371353
NP-CT-L6b Glut,Col24a1,-0.08368801797167902
NP-CT-L6b Glut,Chrm2,-0.09413037083548992
NP-CT-L6b Glut,Gfra1,-0.09413536708914183
NP-CT-L6b Glut,Sv2c,-0.09522894369806378
NP-CT-L6b Glut,Sla,-0.10113065802122367
NP-CT-L6b Glut,Spon1,-0.1011861590954859
NP-CT-L6b Glut,Cdh6,-0.10404375273183186
NP-CT-L6b Glut,Glra2,-0.10509060763831468
NP-CT-L6b Glut,Gda,-0.11597410481606629
NP-CT-L6b Glut,Rasgrp1,-0.12006498057611914
NP-CT-L6b Glut,Rab3b,-0.1229145615124212
NP-CT-L6b Glut,Scn4b,-0.14356180556968323
NP-CT-L6b Glut,Shisa6,-0.1495341012151632
NP-CT-L6b Glut,Rwdd2a,-0.15470361696595303
NP-CT-L6b Glut,Gsta4,-0.15665396847905266
NP-CT-L6b Glut,Pde1a,-0.17207251870582363
NP-CT-L6b Glut,Gpr88,-0.17460665365700412
NP-CT-L6b Glut,Kcnab3,-0.17750394252723067
NP-CT-L6b Glut,Lypd6,-0.18970847087843135
NP-CT-L6b Glut,Sulf2,-0.22033674315941387
NP-CT-L6b Glut,Lamp5,-0.24385293876359415
NP-CT-L6b Glut,Trhde,-0.2554615450384474
NP-CT-L6b Glut,Bmp3,-0.27860752120071064
NP-CT-L6b Glut,Syndig1,-0.2939119207882641
NP-CT-L6b Glut,Fxyd6,-0.32805588091182325
NP-CT-L6b Glut,Nr4a2,-0.38375300224691977
NP-CT-L6b Glut,Caln1,-0.5080777840188344
OB-CR Glut,Slit3,0.10952546716332778
OB-CR Glut,Caln1,0.09286697355846218
OB-CR Glut,Kcng2,0.06443145849745058
OB-CR Glut,Nrn1,0.06347544152967999
OB-CR Glut,Hs3st4,0.03795147003442734
OB-CR Glut,Nr2f2,0.030527417771824328
OB-CR Glut,Stxbp6,0.028373827991290734
OB-CR Glut,Kazald1,0.02331637189785507
OB-CR Glut,Grm1,0.022732459019209506
OB-CR Glut,Galnt18,0.014174063273017956
OB-CR Glut,Tbcc,0.013564912942989338
OB-CR Glut,Fam163a,0.011042611698350857
OB-CR Glut,C1ql3,0.005016713786720417
OB-CR Glut,Synpr,0.004608675204304857
OB-CR Glut,Tnc,0.0026150811915049976
OB-CR Glut,Necab1,0.0022896369192600963
OB-CR Glut,Grm3,-0.0002746632707548713
OB-CR Glut,Ust,-0.0007345826777771514
OB-CR Glut,Shisa6,-0.0019795931220187857
OB-CR Glut,Baiap3,-0.002347153015039849
OB-CR Glut,Gja1,-0.0038563207581567838
OB-CR Glut,Adcy2,-0.004411506998780457
OB-CR Glut,Nxph4,-0.00465418014119412
OB-CR Glut,Nptx2,-0.0047801317752143024
OB-CR Glut,Ctss,-0.005675452046330243
OB-CR Glut,Zfhx4,-0.006456167641319732
OB-CR Glut,Pcp4l1,-0.00809083080138695
OB-CR Glut,Rorb,-0.008463300698032139
OB-CR Glut,Zic1,-0.009977813725261298
OB-CR Glut,Cnr1,-0.010391038668769337
OB-CR Glut,Ltbp1,-0.011279723932735797
OB-CR Glut,Bcl11b,-0.011616150108361145
OB-CR Glut,Mog,-0.01320130768942751
OB-CR Glut,Kcnk9,-0.013845364123940218
OB-CR Glut,Pou3f1,-0.013946873555515493
OB-CR Glut,Npnt,-0.01406570237414595
OB-CR Glut,Cdh20,-0.01626526546267093
OB-CR Glut,Barhl2,-0.018925890185862215
OB-CR Glut,Samd5,-0.019644568724731748
OB-CR Glut,Pnoc,-0.0198622016784753
OB-CR Glut,Sox10,-0.021393094569391424
OB-CR Glut,Mdga1,-0.02216039259548319
OB-CR Glut,Rasgrp1,-0.02488886691208081
OB-CR Glut,Fxyd6,-0.027023095166413214
OB-CR Glut,Grin2c,-0.02726905241809363
OB-CR Glut,Col23a1,-0.02773951337028069
OB-CR Glut,Aqp4,-0.028606414787378798
OB-CR Glut,Slc7a11,-0.028983215361850112
OB-CR Glut,Smoc2,-0.02902582020167821
OB-CR Glut,Igf2,-0.030838665225936923
OB-CR Glut,Slc7a10,-0.031418715956651244
OB-CR Glut,Emx2,-0.03291778712296156
OB-CR Glut,Vcan,-0.034041105698648266
OB-CR Glut,Epha4,-0.03464086334524219
OB-CR Glut,Ccnd2,-0.03948079459765186
OB-CR Glut,Ramp3,-0.04073064711545582
OB-CR Glut,Prkd1,-0.04116041943817472
OB-CR Glut,Opalin,-0.04134259028627496
OB-CR Glut,Dcn,-0.0448331119527019
OB-CR Glut,Zfp536,-0.04538151932166801
OB-CR Glut,Sv2b,-0.05269185788299535
OB-CR Glut,C1ql1,-0.05324397538940917
OB-CR Glut,Slc1a3,-0.054725643215398634
OB-CR Glut,Fosl2,-0.05522018411922258
OB-CR Glut,Foxo1,-0.056306036893553735
OB-CR Glut,Hopx,-0.05878248666175301
OB-CR Glut,Cd24a,-0.05944822038955788
OB-CR Glut,Pou6f2,-0.060668851883033614
OB-CR Glut,Zeb2,-0.06079704096016658
OB-CR Glut,Sox2,-0.06508771600925023
OB-CR Glut,Fibcd1,-0.06657849035063523
OB-CR Glut,Vwc2,-0.06712519168543984
OB-CR Glut,Lhx2,-0.06830844211842968
OB-CR Glut,Ccdc3,-0.06883849630015848
OB-CR Glut,Bcl11a,-0.0715078577311743
OB-CR Glut,Ecel1,-0.07259636117582402
OB-CR Glut,Mrpl16,-0.07840467137096452
OB-CR Glut,Lrp4,-0.07866516076493912
OB-CR Glut,Sema5a,-0.08321823072140444
OB-CR Glut,Mcm6,-0.0841009892169966
OB-CR Glut,Dach1,-0.08434170815809816
OB-CR Glut,Ebf3,-0.08716126573025518
OB-CR Glut,2900052N01Rik,-0.08733458904196811
OB-CR Glut,Slc17a6,-0.09225208574157073
OB-CR Glut,Ptk2b,-0.09250451254142056
OB-CR Glut,Ndnf,-0.10380850138741127
OB-CR Glut,Sorcs3,-0.10933255627414762
OB-CR Glut,Rgs4,-0.11140873184269284
OB-CR Glut,Fli1,-0.11150375259068834
OB-CR Glut,Tafa2,-0.11282072625570772
OB-CR Glut,Scn4b,-0.11308987545671179
OB-CR Glut,Igfbp4,-0.11399960939520715
OB-CR Glut,Npbwr1,-0.1143009889332931
OB-CR Glut,Nhlh2,-0.12443174169222448
OB-CR Glut,Gsta4,-0.1265595114279745
OB-CR Glut,Cxcl14,-0.12662252368423044
OB-CR Glut,Ramp1,-0.13530215348661256
OB-CR Glut,Cldn5,-0.13820759706656371
OB-CR Glut,Kit,-0.13926732456732815
OB-CR Glut,Slc17a7,-0.14148423665517895
OB-CR Glut,St6galnac5,-0.14285748488712513
OB-CR Glut,Pde1a,-0.14502790221821416
OB-CR Glut,Nrp1,-0.1458242042622766
OB-CR Glut,Tmem132c,-0.15174269369145077
OB-CR Glut,Tcf7l2,-0.15455843042298278
OB-CR Glut,Epha3,-0.15752298232462247
OB-CR Glut,Col5a1,-0.16111606874351336
OB-CR Glut,Sulf2,-0.1630647927093103
OB-CR Glut,Lpar1,-0.16549006301811353
OB-CR Glut,Nfix,-0.166823376514722
OB-CR Glut,Kcnj5,-0.16758887651321785
OB-CR Glut,Gad2,-0.1839381438310954
OB-CR Glut,Slc38a1,-0.18732984219343884
OB-CR Glut,Eya2,-0.19446804687242758
OB-CR Glut,Nfib,-0.19919836936032653
OB-CR Glut,Gfap,-0.2019035765167876
OB-CR Glut,Calb1,-0.20323360219234266
OB-CR Glut,Spock3,-0.20633198384384577
OB-CR Glut,Dscaml1,-0.21054149579810044
OB-CR Glut,Tox3,-0.21392203105104923
OB-CR Glut,Spon1,-0.22154791681962238
OB-CR Glut,St3gal1,-0.22467068228955145
OB-CR Glut,Serpine2,-0.23116433127233127
OB-CR Glut,Ptprm,-0.23233715168756852
OB-CR Glut,Calb2,-0.2593869605042771
OB-CR Glut,Syndig1l,-0.26843873450856637
OB-CR Glut,Cdh6,-0.27577577743602566
OB-CR Glut,Ndst4,-0.28541440464705037
OB-CR Glut,Gfra1,-0.29414758031838817
OB-CR Glut,Reln,-0.3106745254624592
OB-CR Glut,Cbln1,-0.31688339102218643
OB-CR Glut,Pou3f3,-0.3217195681653571
OB-CR Glut,Nr2f1,-0.3313961797322653
OB-CR Glut,Lhfp,-0.334383242058089
OB-CR Glut,Col11a1,-0.33623157369357015
OB-CR Glut,Wnt7b,-0.3396840656492712
OB-CR Glut,Tshz2,-0.3542140760859003
OB-CR Glut,Pax6,-0.3632415984387243
OB-CR Glut,Angpt1,-0.3698784500121448
OB-CR Glut,Zic5,-0.4158962799289865
OB-CR Glut,Tgfbr2,-0.5337374044249801
OB-CR Glut,Kctd8,-0.5853621191129317
OB-CR Glut,Whrn,-0.6062837192207491
OB-CR Glut,Marcksl1,-0.6075984060145112
OB-CR Glut,Agt,-0.6752126492634325
OB-CR Glut,Zbtb16,-0.8005291207298784
OB-CR Glut,Unc13c,-1.0951466407090686
OB-CR Glut,Grik1,-1.2735858435774534
OB-CR Glut,Igfbp2,-2.2776326965391145
OB-CR Glut,Col24a1,-89135892708.78523
DG-IMN Glut,Synpr,0.05331133340830774
DG-IMN Glut,Rasgrp1,0.04104005603984029
DG-IMN Glut,Mkx,0.04029452124663835
DG-IMN Glut,Grm1,0.03393501889983663
DG-IMN Glut,Myo5b,0.027239921103147657
DG-IMN Glut,Ror1,0.026702775907906262
DG-IMN Glut,Cnih3,0.025886841928851156
DG-IMN Glut,Lamp5,0.023766635956182336
DG-IMN Glut,Nrp1,0.022865346355042115
DG-IMN Glut,Spon1,0.021839172001224427
DG-IMN Glut,Fli1,0.021311393342062446
DG-IMN Glut,Mdga1,0.019898977794138295
DG-IMN Glut,Calb1,0.0177521157721513
DG-IMN Glut,A830036E02Rik,0.015186534484437297
DG-IMN Glut,Drd1,0.01373752157950181
DG-IMN Glut,Fosl2,0.013658862030856977
DG-IMN Glut,St3gal1,0.012872415868670939
DG-IMN Glut,Rprm,0.012580662150104893
DG-IMN Glut,Car4,0.008715236915173952
DG-IMN Glut,Zbtb16,0.008291940873058179
DG-IMN Glut,Ust,0.008284444488738996
DG-IMN Glut,Syt10,0.007892909418743654
DG-IMN Glut,Rgs4,0.007714690956315162
DG-IMN Glut,Marcksl1,0.007368871062053084
DG-IMN Glut,Aqp4,0.007229660992632225
DG-IMN Glut,Col5a1,0.00707065013116448
DG-IMN Glut,Sema3c,0.006782559440298264
DG-IMN Glut,Syt17,0.0066170863738763686
DG-IMN Glut,Galnt18,0.006512710911153463
DG-IMN Glut,Ndst4,0.006377090932708551
DG-IMN Glut,Hopx,0.006063730745809459
DG-IMN Glut,Npy2r,0.005499574088917658
DG-IMN Glut,Nr2f1,0.005320799644838892
DG-IMN Glut,Mrpl16,0.004665614844076016
DG-IMN Glut,Gad2,0.00424841524866959
DG-IMN Glut,Cxcl14,0.004110015002206535
DG-IMN Glut,Lypd1,0.003793973704079967
DG-IMN Glut,Zfpm2,0.003731374519553299
DG-IMN Glut,Arhgap15,0.0028699651551787886
DG-IMN Glut,Nr4a2,0.0028151064382051505
DG-IMN Glut,Calb2,0.002129937083499067
DG-IMN Glut,Sntg2,0.001566264832299047
DG-IMN Glut,Moxd1,0.0008468997181462212
DG-IMN Glut,Sv2c,0.00043682780494702644
DG-IMN Glut,Bcl11a,0.0001375737744008232
DG-IMN Glut,Shisa6,6.0352185878853604e-05
DG-IMN Glut,Adcy2,1.8122584789947993e-05
DG-IMN Glut,Emx2,-0.0006317632239243309
DG-IMN Glut,Unc5d,-0.0008087628017279247
DG-IMN Glut,Slc1a3,-0.0008227027605720583
DG-IMN Glut,St18,-0.0009525720879397515
DG-IMN Glut,Ramp3,-0.0011497306154761855
DG-IMN Glut,Kcnk9,-0.001410158508452053
DG-IMN Glut,Lhx2,-0.002019955667339257
DG-IMN Glut,Ccnd2,-0.002152070288828023
DG-IMN Glut,Ighm,-0.0022248606501908963
DG-IMN Glut,Dsg2,-0.0024237264663820035
DG-IMN Glut,Sorcs3,-0.0028141415919846757
DG-IMN Glut,Gfra1,-0.0028408616789612484
DG-IMN Glut,Drd5,-0.0029829846003401883
DG-IMN Glut,Hs3st4,-0.003135082083071561
DG-IMN Glut,Igfbpl1,-0.0031534787543012754
DG-IMN Glut,Frzb,-0.0031903283676260052
DG-IMN Glut,Rbp4,-0.0036527895236231345
DG-IMN Glut,Tnnt1,-0.0037004751980911355
DG-IMN Glut,Zfp521,-0.0038108362227424752
DG-IMN Glut,Gpc3,-0.003837099609077521
DG-IMN Glut,Serpine2,-0.0038829611293795807
DG-IMN Glut,Cnr1,-0.004307996413964066
DG-IMN Glut,Lmo1,-0.004949408316087034
DG-IMN Glut,Grin2c,-0.005459489915592197
DG-IMN Glut,Chst9,-0.005574735324862967
DG-IMN Glut,Gda,-0.005825687107749999
DG-IMN Glut,Lpar1,-0.006107881568762075
DG-IMN Glut,Igsf1,-0.006226887393139036
DG-IMN Glut,Spock3,-0.0062450307720414155
DG-IMN Glut,Sv2b,-0.006267354816173132
DG-IMN Glut,Cd24a,-0.006344160567756774
DG-IMN Glut,Nr4a3,-0.006533848690377431
DG-IMN Glut,Ptprm,-0.006683456597956106
DG-IMN Glut,Mog,-0.007387831457203342
DG-IMN Glut,Samd5,-0.007597379552525707
DG-IMN Glut,Syndig1,-0.007609763962681537
DG-IMN Glut,Ntng1,-0.00773799172060996
DG-IMN Glut,Slit3,-0.007873144635355933
DG-IMN Glut,Egfem1,-0.007876699688377453
DG-IMN Glut,Lhfp,-0.008293035482896949
DG-IMN Glut,Dchs2,-0.008444072678659209
DG-IMN Glut,Glra2,-0.009040239493856905
DG-IMN Glut,Prkd1,-0.009444955407416078
DG-IMN Glut,Nos1,-0.009453203287556944
DG-IMN Glut,Onecut2,-0.00956097804941436
DG-IMN Glut,Ctss,-0.009983641379810226
DG-IMN Glut,Pcp4l1,-0.009992373770665974
DG-IMN Glut,Zfhx4,-0.010347274094902659
DG-IMN Glut,Gja1,-0.010638030768418183
DG-IMN Glut,Caln1,-0.012443169693831413
DG-IMN Glut,Fras1,-0.01317437074817307
DG-IMN Glut,Sema5a,-0.013615652638939935
DG-IMN Glut,Cldn5,-0.014287300284570259
DG-IMN Glut,Trhde,-0.015293783893923996
DG-IMN Glut,Crym,-0.015533971493989496
DG-IMN Glut,Slc17a7,-0.015708398043489558
DG-IMN Glut,Gsta4,-0.01788580357492431
DG-IMN Glut,Gpr83,-0.017995100327066194
DG-IMN Glut,Grm3,-0.01829861018683321
DG-IMN Glut,Tgfbr2,-0.01856027719012343
DG-IMN Glut,Lmo3,-0.01952498569770178
DG-IMN Glut,Pou3f3,-0.019551925152146765
DG-IMN Glut,Fam163a,-0.020364228542794294
DG-IMN Glut,Sox2,-0.022453638465929515
DG-IMN Glut,Kcng2,-0.024071539162000555
DG-IMN Glut,Slc17a6,-0.024091787263939235
DG-IMN Glut,Npnt,-0.02622765918168457
DG-IMN Glut,Dscaml1,-0.02791815582248436
DG-IMN Glut,Glis3,-0.028476612984842387
DG-IMN Glut,C1ql3,-0.0306144321946753
DG-IMN Glut,Fxyd6,-0.03181585896871475
DG-IMN Glut,Ramp1,-0.03236801381597698
DG-IMN Glut,Tcf7l2,-0.0324175164213254
DG-IMN Glut,Zfp536,-0.03253747213924019
DG-IMN Glut,Kcng1,-0.033727923422150585
DG-IMN Glut,St6galnac5,-0.03621486035038313
DG-IMN Glut,Kitl,-0.03693531573847286
DG-IMN Glut,Mpped2,-0.038193451659990885
DG-IMN Glut,Galnt14,-0.03929027176550437
DG-IMN Glut,Smoc2,-0.04048861252471636
DG-IMN Glut,Wnt7b,-0.040751171964971356
DG-IMN Glut,Slc30a3,-0.04082008614513288
DG-IMN Glut,Gfap,-0.05036654104292548
DG-IMN Glut,Kcnab3,-0.05481343883062606
DG-IMN Glut,Parm1,-0.05853972191421031
DG-IMN Glut,Grik3,-0.06447617821017348
DG-IMN Glut,Necab1,-0.06478243077353185
DG-IMN Glut,Tbcc,-0.0653296813485642
DG-IMN Glut,Cdh9,-0.06620481534506206
DG-IMN Glut,Fibcd1,-0.06987393072082781
DG-IMN Glut,Cacng3,-0.07116234939157806
DG-IMN Glut,Kl,-0.07245000874020913
DG-IMN Glut,Osbpl3,-0.07337663842497566
DG-IMN Glut,Mcm6,-0.07710344258976098
DG-IMN Glut,Bcl11b,-0.08118532199417183
DG-IMN Glut,Tafa2,-0.09575525731081136
DG-IMN Glut,Rgs6,-0.09796747708882103
DG-IMN Glut,Cidea,-0.175327532642908
DG-IMN Glut,Ptk2b,-0.17598147122415653
DG-IMN Glut,Nptx2,-0.18491099183867732
DG-IMN Glut,Slc38a1,-0.20714462234733677
DG-IMN Glut,Lrp4,-0.22156626978067595
DG-IMN Glut,Gpr139,-0.2277094112873579
OB-IMN GABA,Stxbp6,0.5053646102521168
OB-IMN GABA,Pcp4l1,0.3493567764321017
OB-IMN GABA,Zfp536,0.23149525057551235
OB-IMN GABA,Mdga1,0.1658795488140864
OB-IMN GABA,Reln,0.13565276333783727
OB-IMN GABA,Aqp4,0.1325293591946538
OB-IMN GABA,Gpr88,0.12079741681728862
OB-IMN GABA,Tgfbr2,0.10119257373791202
OB-IMN GABA,Chn2,0.0886679095159465
OB-IMN GABA,Whrn,0.08025696753013423
OB-IMN GABA,Mpped2,0.06665239312050375
OB-IMN GABA,Slc38a1,0.0644824635311041
OB-IMN GABA,Mcm6,0.061797489327426125
OB-IMN GABA,Col5a1,0.061164022559226816
OB-IMN GABA,Sox10,0.06108654405549463
OB-IMN GABA,Rasgrp1,0.0586279254740526
OB-IMN GABA,Nptx2,0.054467013615539184
OB-IMN GABA,Nr2f2,0.0495112882386618
OB-IMN GABA,Gli3,0.04400981909861901
OB-IMN GABA,Sox2,0.04145783621517396
OB-IMN GABA,Necab1,0.03975142478888771
OB-IMN GABA,Gli2,0.03360455856448341
OB-IMN GABA,Tcf7l2,0.0329737342994566
OB-IMN GABA,Nrp1,0.029153686254059674
OB-IMN GABA,Dock5,0.024163323579688534
OB-IMN GABA,Scn4b,0.02379139137803077
OB-IMN GABA,Ctss,0.023697203033939296
OB-IMN GABA,Mog,0.017466266080658155
OB-IMN GABA,Gfap,0.015514633644549525
OB-IMN GABA,Parm1,0.015238548105509286
OB-IMN GABA,Gpr83,0.00976403546530169
OB-IMN GABA,Dchs2,0.00011471136356711042
OB-IMN GABA,Grm3,-7.927285931974559e-05
OB-IMN GABA,Tnc,-0.003181888394697463
OB-IMN GABA,Vcan,-0.003582542537102551
OB-IMN GABA,Nfix,-0.007031107905821843
OB-IMN GABA,Sv2b,-0.01112924424989492
OB-IMN GABA,Cxcl14,-0.013723466226191583
OB-IMN GABA,Hs3st4,-0.014007045487278269
OB-IMN GABA,Rgs4,-0.016523567920269322
OB-IMN GABA,Sp8,-0.019505790397108536
OB-IMN GABA,Adcy2,-0.025807196141281352
OB-IMN GABA,Igf2,-0.028338100366758212
OB-IMN GABA,Kitl,-0.031989045388464143
OB-IMN GABA,Zeb2,-0.032716448640021545
OB-IMN GABA,Trhde,-0.04179482264011769
OB-IMN GABA,Qpct,-0.04273676182823993
OB-IMN GABA,Igfbp4,-0.04924123162896765
OB-IMN GABA,Rab3b,-0.05467779499607661
OB-IMN GABA,Lhx2,-0.056285474281645875
OB-IMN GABA,Sox6,-0.05637718817841386
OB-IMN GABA,Lypd1,-0.05776249709538117
OB-IMN GABA,Slc1a3,-0.06447886368029132
OB-IMN GABA,Prom1,-0.06618799816603138
OB-IMN GABA,Cgnl1,-0.06899523873825708
OB-IMN GABA,Nrn1,-0.071063724273557
OB-IMN GABA,Ptprm,-0.08315515090657377
OB-IMN GABA,Gsta4,-0.08394710675639994
OB-IMN GABA,Gad2,-0.0862953141041709
OB-IMN GABA,Foxo1,-0.0923458684926628
OB-IMN GABA,Syndig1l,-0.09608921250853819
OB-IMN GABA,Nxph1,-0.10197698635353158
OB-IMN GABA,Dscaml1,-0.10364722869821774
OB-IMN GABA,Grik3,-0.10637089302801006
OB-IMN GABA,Bcl11b,-0.11726131668603723
OB-IMN GABA,Cd34,-0.11765278139051238
OB-IMN GABA,Cd24a,-0.13102022338137043
OB-IMN GABA,Slc7a11,-0.13542657611696995
OB-IMN GABA,Gda,-0.13838851916341932
OB-IMN GABA,Opalin,-0.14378392615670932
OB-IMN GABA,Spock3,-0.14593683529005164
OB-IMN GABA,Pde1a,-0.1474995079902799
OB-IMN GABA,Calb2,-0.1495372019568637
OB-IMN GABA,Ldb2,-0.15656788142943978
OB-IMN GABA,Lhfp,-0.156673468716658
OB-IMN GABA,Dach1,-0.15739221773414847
OB-IMN GABA,Sntg2,-0.16154679186555732
OB-IMN GABA,Adamtsl1,-0.16554998079931815
OB-IMN GABA,Ccnd2,-0.18247182078474977
OB-IMN GABA,Sulf2,-0.18493785606660418
OB-IMN GABA,Meis1,-0.19433958053196232
OB-IMN GABA,Ckap2l,-0.20139559580922484
OB-IMN GABA,Adgrf5,-0.20205832300976767
OB-IMN GABA,Pax6,-0.22107404101979244
OB-IMN GABA,Emx2,-0.22298339474508966
OB-IMN GABA,Tbcc,-0.22301787644908289
OB-IMN GABA,Sorcs3,-0.23223034589453806
OB-IMN GABA,Rorb,-0.2406582413465561
OB-IMN GABA,Pdzrn3,-0.24545341806969123
OB-IMN GABA,St6galnac5,-0.2649902856764379
OB-IMN GABA,C1ql1,-0.26565866875427724
OB-IMN GABA,Kcnk9,-0.2697256545837454
OB-IMN GABA,Syt6,-0.28531869778626673
OB-IMN GABA,Slc32a1,-0.287449566585148
OB-IMN GABA,Wnt7b,-0.29146236463289443
OB-IMN GABA,Zbtb16,-0.291540776182023
OB-IMN GABA,Lrp4,-0.2978291858984625
OB-IMN GABA,Pou3f3,-0.3135606911415605
OB-IMN GABA,Igfbpl1,-0.31497832596583275
OB-IMN GABA,Cbln2,-0.3260307661161024
OB-IMN GABA,Epha4,-0.3274588141302788
OB-IMN GABA,Sv2c,-0.33385763661405465
OB-IMN GABA,Bcl11a,-0.33488247418929884
OB-IMN GABA,Cdkn1a,-0.33579017914748444
OB-IMN GABA,Cdh20,-0.3408469306727768
OB-IMN GABA,Sox5,-0.3530838024661431
OB-IMN GABA,Sema5a,-0.36181053787796036
OB-IMN GABA,Sp9,-0.3628748595530622
OB-IMN GABA,Serpine2,-0.3659359875499306
OB-IMN GABA,Gja1,-0.36973344467910385
OB-IMN GABA,Slc17a7,-0.40363109499547556
OB-IMN GABA,Syndig1,-0.4066726761638262
OB-IMN GABA,Cldn5,-0.4137714266762975
OB-IMN GABA,Prkd1,-0.44046501792238724
OB-IMN GABA,Unc13c,-0.44201051499728594
OB-IMN GABA,Fli1,-0.4668113542778247
OB-IMN GABA,Fbln2,-0.47988801700107
OB-IMN GABA,Spon1,-0.4827814809196418
OB-IMN GABA,Fxyd6,-0.5079885382818599
OB-IMN GABA,Kif11,-0.5109637235130484
OB-IMN GABA,Marcksl1,-0.5366245607056328
OB-IMN GABA,Synpr,-0.5602127825905328
OB-IMN GABA,Gfra1,-0.5778926061984528
OB-IMN GABA,Tox3,-0.5842753506656986
OB-IMN GABA,Tox,-0.6039732583945385
OB-IMN GABA,Baiap3,-0.6627803925561218
OB-IMN GABA,Zfpm2,-0.6861955292315729
OB-IMN GABA,Ust,-0.6882632297672444
OB-IMN GABA,Cnr1,-0.7109005365677579
OB-IMN GABA,St3gal1,-0.7180794936521191
OB-IMN GABA,Calb1,-0.7340960203709295
OB-IMN GABA,Hopx,-0.7453760550125235
OB-IMN GABA,Vwc2l,-0.795914009696544
OB-IMN GABA,Cbln1,-0.7985801898812919
OB-IMN GABA,Lpar1,-0.8046708188654494
OB-IMN GABA,Grin2c,-0.8362484039802209
OB-IMN GABA,Zfhx4,-0.9091971711669804
OB-IMN GABA,Kl,-0.9677399583477773
OB-IMN GABA,Nfib,-1.4566155140482118
OB-IMN GABA,Ptk2b,-1.588524086547911
OB-IMN GABA,Hdc,-1.5988064693691104
OB-IMN GABA,Htr3a,-1.6137288273335253
OB-IMN GABA,Nr2f1,-1.7543044545618987
OB-IMN GABA,St18,-2.0663075750178916
OB-IMN GABA,Clic6,-2.484524160940944
OB-IMN GABA,Galnt18,-3.2129390210529127
OB-IMN GABA,Tshz2,-5.5939183321987835
OB-IMN GABA,Acta2,-41085625130.89527
OB-IMN GABA,Nos1,-98691319202.26724
OB-IMN GABA,Drd1,-130955026006.6102
CTX-CGE GABA,Vip,0.44201995310537123
CTX-CGE GABA,Adcy2,0.32905011677815954
CTX-CGE GABA,Fbln2,0.2988330763738114
CTX-CGE GABA,Cbln2,0.2895929583686626
CTX-CGE GABA,Shisa6,0.2513052572895994
CTX-CGE GABA,Elfn1,0.2239408413715388
CTX-CGE GABA,Glra2,0.2147158029860119
CTX-CGE GABA,Galnt18,0.19655241860418982
CTX-CGE GABA,Ptprm,0.193329818291475
CTX-CGE GABA,Gda,0.1733342941127327
CTX-CGE GABA,Synpr,0.17242484191489793
CTX-CGE GABA,Syndig1,0.16755563164415932
CTX-CGE GABA,Htr2a,0.151165901871136
CTX-CGE GABA,Calb2,0.14709965738009578
CTX-CGE GABA,Grik3,0.14390935579487474
CTX-CGE GABA,Grm1,0.14165365053600942
CTX-CGE GABA,Sema3e,0.13575605295928195
CTX-CGE GABA,Syt17,0.13565034716016044
CTX-CGE GABA,Trhde,0.13061624762476587
CTX-CGE GABA,Crh,0.10471646184928629
CTX-CGE GABA,Sorcs3,0.10074072708508319
CTX-CGE GABA,St6galnac5,0.10045146346839817
CTX-CGE GABA,Vwc2,0.08776570344016532
CTX-CGE GABA,Spock3,0.08129357141652815
CTX-CGE GABA,Sv2c,0.07437779988432025
CTX-CGE GABA,Gad2,0.06842510669978452
CTX-CGE GABA,Cntn6,0.06666295465103456
CTX-CGE GABA,Nptx2,0.06291121425267998
CTX-CGE GABA,Cxcl14,0.06108614464616857
CTX-CGE GABA,Rgs4,0.05950020297269487
CTX-CGE GABA,Npas1,0.05786300768720243
CTX-CGE GABA,Cdh6,0.054210644686383036
CTX-CGE GABA,Tox3,0.05277829416863922
CTX-CGE GABA,Lamp5,0.05096800932911538
CTX-CGE GABA,Zeb2,0.05021516096266809
CTX-CGE GABA,Chrm3,0.04807058478199089
CTX-CGE GABA,Grik1,0.04700395031699789
CTX-CGE GABA,Lypd1,0.04209568434468125
CTX-CGE GABA,Calb1,0.0400395545352199
CTX-CGE GABA,Trpc7,0.038908951949119586
CTX-CGE GABA,Nr4a3,0.03655010033537576
CTX-CGE GABA,Pnoc,0.03635401138578731
CTX-CGE GABA,Kcnk9,0.035153432008182994
CTX-CGE GABA,Galnt14,0.0351487644677394
CTX-CGE GABA,Tcerg1l,0.03505008460316461
CTX-CGE GABA,Adra1b,0.03427599781551938
CTX-CGE GABA,Cyp26b1,0.0312908969538529
CTX-CGE GABA,Pde1a,0.029173375751210928
CTX-CGE GABA,Npy2r,0.025876137039989144
CTX-CGE GABA,Igf1,0.025738922015635768
CTX-CGE GABA,Slc38a1,0.024650169681244005
CTX-CGE GABA,Fstl5,0.02344994776306486
CTX-CGE GABA,Dscaml1,0.021942395475297083
CTX-CGE GABA,Kcnab3,0.02143508657171156
CTX-CGE GABA,Sema5a,0.020274218700481406
CTX-CGE GABA,Cntnap3,0.020184465948011265
CTX-CGE GABA,Bcl11a,0.017529031278297857
CTX-CGE GABA,Cd34,0.01657539378152806
CTX-CGE GABA,Qpct,0.015213366550201335
CTX-CGE GABA,Sulf2,0.014625734238925436
CTX-CGE GABA,Rgs6,0.013577451385224482
CTX-CGE GABA,Bmp3,0.0133664505285086
CTX-CGE GABA,Vwc2l,0.010523952754248667
CTX-CGE GABA,Marcksl1,0.008948221431075987
CTX-CGE GABA,Osbpl3,0.007393736641570836
CTX-CGE GABA,Rab3b,0.0035032556126004533
CTX-CGE GABA,Egln3,0.002514667386454894
CTX-CGE GABA,Whrn,-0.0011744272699152347
CTX-CGE GABA,Zfp536,-0.002324053084716171
CTX-CGE GABA,Tac2,-0.0025531515269765492
CTX-CGE GABA,Nr4a2,-0.005375099447021858
CTX-CGE GABA,Gja1,-0.005760355625060276
CTX-CGE GABA,Sp8,-0.006386631495854722
CTX-CGE GABA,Slit3,-0.0073693400850820545
CTX-CGE GABA,Ptk2b,-0.007495531050525139
CTX-CGE GABA,Nrn1,-0.00810084884430351
CTX-CGE GABA,C1ql1,-0.008412307239434424
CTX-CGE GABA,Samd5,-0.009279942577896882
CTX-CGE GABA,Foxo1,-0.011123273573511394
CTX-CGE GABA,Fosl2,-0.011892969645261209
CTX-CGE GABA,Reln,-0.012116250724691024
CTX-CGE GABA,Slc17a8,-0.013088407222968224
CTX-CGE GABA,Htr3a,-0.014602602194426328
CTX-CGE GABA,Spon1,-0.016058876825483237
CTX-CGE GABA,Kcnmb2,-0.01781429752490471
CTX-CGE GABA,Sox10,-0.01782729599596866
CTX-CGE GABA,Cdh20,-0.01833615165753244
CTX-CGE GABA,Kcns3,-0.01935286468696895
CTX-CGE GABA,Gfap,-0.02021207712567219
CTX-CGE GABA,Rxfp1,-0.020366025417316136
CTX-CGE GABA,Adra1a,-0.020821863349972825
CTX-CGE GABA,Pdzrn3,-0.021155937487573384
CTX-CGE GABA,Igfbp4,-0.022363740839276947
CTX-CGE GABA,Ndnf,-0.02277406372353341
CTX-CGE GABA,Sp9,-0.023612944813990788
CTX-CGE GABA,Vcan,-0.02701396538943568
CTX-CGE GABA,Pde11a,-0.031002045475773565
CTX-CGE GABA,Nfix,-0.03140043732951403
CTX-CGE GABA,Slc30a3,-0.03332569139991315
CTX-CGE GABA,C1ql3,-0.03373657494964588
CTX-CGE GABA,Nxph1,-0.035189555073468215
CTX-CGE GABA,Grm3,-0.03756760768035328
CTX-CGE GABA,Kit,-0.03924518184942638
CTX-CGE GABA,Dchs2,-0.040795192202034425
CTX-CGE GABA,Hs3st4,-0.04189708304898243
CTX-CGE GABA,Lancl3,-0.04788602225416905
CTX-CGE GABA,Hopx,-0.04956788732446693
CTX-CGE GABA,Parm1,-0.05142441242421247
CTX-CGE GABA,Nrp1,-0.05162825635387813
CTX-CGE GABA,Tnnt1,-0.05261536926569965
CTX-CGE GABA,Caln1,-0.058962226370868676
CTX-CGE GABA,Sox5,-0.059088607604370846
CTX-CGE GABA,Pou3f3,-0.05996487266942463
CTX-CGE GABA,Hs3st2,-0.06329199112734796
CTX-CGE GABA,Lmo3,-0.06389695607064727
CTX-CGE GABA,Nr2f2,-0.06459490621171393
CTX-CGE GABA,Syt6,-0.06915682618403407
CTX-CGE GABA,Cnr1,-0.07059153742708824
CTX-CGE GABA,Ldb2,-0.07196090163169666
CTX-CGE GABA,Rasgrp1,-0.07936221208280658
CTX-CGE GABA,A830036E02Rik,-0.08438239625208332
CTX-CGE GABA,Fxyd6,-0.08858634503923746
CTX-CGE GABA,Aqp4,-0.08960714163193817
CTX-CGE GABA,Zbtb16,-0.09524986933009139
CTX-CGE GABA,Rprm,-0.10400343825928471
CTX-CGE GABA,Necab1,-0.10994039197186001
CTX-CGE GABA,Slc1a3,-0.11054862666149079
CTX-CGE GABA,Epha4,-0.12618003981983472
CTX-CGE GABA,Cacng3,-0.12944919503392627
CTX-CGE GABA,Pcp4l1,-0.13723614718865362
CTX-CGE GABA,Cbln4,-0.1394029967138708
CTX-CGE GABA,Mog,-0.14549760157257685
CTX-CGE GABA,Unc5d,-0.157967151751079
CTX-CGE GABA,Maf,-0.17885910974368913
CTX-CGE GABA,Stxbp6,-0.19113182492734704
CTX-CGE GABA,Baiap3,-0.1922360350538952
CTX-CGE GABA,Opalin,-0.1969082742346835
CTX-CGE GABA,Nfib,-0.22464356759735016
CTX-CGE GABA,Ccnd2,-0.226737984311703
CTX-CGE GABA,Tafa2,-0.22963097187862802
CTX-CGE GABA,Ccn3,-0.24507364309222246
CTX-CGE GABA,Bcl11b,-0.247839961427766
CTX-CGE GABA,Tent5a,-0.25103847169286264
CTX-CGE GABA,Slc17a7,-0.27968206726445377
CTX-CGE GABA,Sv2b,-0.288259051816687
CTX-CGE GABA,Ctss,-0.2922850023555381
CTX-CGE GABA,Serpine2,-0.30894119482942695
CTX-CGE GABA,Nos1,-0.3106733883344892
CTX-CGE GABA,Car4,-0.33464606518329676
CTX-CGE GABA,Pde3a,-0.4930401504086115
CTX-MGE GABA,Kcnab3,0.46817668374341914
CTX-MGE GABA,Pvalb,0.36307261776841926
CTX-MGE GABA,Vwc2,0.3127834629298918
CTX-MGE GABA,Nos1,0.2749126477963436
CTX-MGE GABA,Gpr83,0.27321295704774395
CTX-MGE GABA,Kcns3,0.25318861132149684
CTX-MGE GABA,Syt2,0.2464607218314132
CTX-MGE GABA,Sulf2,0.2464335677252617
CTX-MGE GABA,Lpl,0.23634444338761207
CTX-MGE GABA,Lhfp,0.23215785660860022
CTX-MGE GABA,Spock3,0.22521936090072825
CTX-MGE GABA,Nxph1,0.22247990654204297
CTX-MGE GABA,Samd5,0.21230334103573678
CTX-MGE GABA,Pcp4l1,0.21017887681556768
CTX-MGE GABA,Npnt,0.20850668272119577
CTX-MGE GABA,Tmem132c,0.19083038863303192
CTX-MGE GABA,Lancl3,0.190459143307238
CTX-MGE GABA,Shisa6,0.19027126423532326
CTX-MGE GABA,Zfp536,0.18114075026862742
CTX-MGE GABA,Gfap,0.16866512572558
CTX-MGE GABA,Tgfbr2,0.1684558850410366
CTX-MGE GABA,Osbpl3,0.14618459723965904
CTX-MGE GABA,Dchs2,0.14511780613980696
CTX-MGE GABA,Kctd8,0.14296718217531446
CTX-MGE GABA,Galnt18,0.14277069235867146
CTX-MGE GABA,Myo5b,0.14104167358386066
CTX-MGE GABA,Sema5a,0.13537613074639665
CTX-MGE GABA,Elfn1,0.12580673108531903
CTX-MGE GABA,Reln,0.12527177167613013
CTX-MGE GABA,Grik3,0.12338274125985915
CTX-MGE GABA,Drd1,0.12329032677049001
CTX-MGE GABA,Synpr,0.12208163833276353
CTX-MGE GABA,Grm3,0.12019971780023697
CTX-MGE GABA,Unc5d,0.11981799339836074
CTX-MGE GABA,Slc30a3,0.1194010511208059
CTX-MGE GABA,Crhbp,0.11570496874681913
CTX-MGE GABA,Whrn,0.10998872657177294
CTX-MGE GABA,Pdzrn3,0.10093510069087741
CTX-MGE GABA,Tll1,0.09959249904428802
CTX-MGE GABA,Epha4,0.0972070140679776
CTX-MGE GABA,Cntn6,0.08811021344714642
CTX-MGE GABA,Caln1,0.08526849847945317
CTX-MGE GABA,Lamp5,0.08402465035580609
CTX-MGE GABA,Tox3,0.0828965830912225
CTX-MGE GABA,Rab3b,0.08218512168378933
CTX-MGE GABA,Igfbp4,0.07597878177829842
CTX-MGE GABA,Vcan,0.07384395391641829
CTX-MGE GABA,Cntnap3,0.0737724665606585
CTX-MGE GABA,Zeb2,0.07089456532635385
CTX-MGE GABA,Fstl5,0.06677625006924703
CTX-MGE GABA,Pnoc,0.06616077331889181
CTX-MGE GABA,Mkx,0.06347451013473127
CTX-MGE GABA,Col11a1,0.062466621520975374
CTX-MGE GABA,Nfib,0.06137344660768085
CTX-MGE GABA,Tacr1,0.05942937319991415
CTX-MGE GABA,Wif1,0.056846669404884254
CTX-MGE GABA,Bcl11b,0.05659743313325061
CTX-MGE GABA,Zfpm2,0.054924360211656476
CTX-MGE GABA,Chrm2,0.054817767144750396
CTX-MGE GABA,Fibcd1,0.052171918432642794
CTX-MGE GABA,Ptprm,0.048638069670148165
CTX-MGE GABA,Unc13c,0.04684652166893544
CTX-MGE GABA,Man1a,0.04670876422683956
CTX-MGE GABA,Pde11a,0.04382521661758021
CTX-MGE GABA,Chrm3,0.04248695572541639
CTX-MGE GABA,Tafa2,0.042078935176976806
CTX-MGE GABA,Cdh20,0.04144316305758611
CTX-MGE GABA,Grm1,0.04142877175342585
CTX-MGE GABA,Stxbp6,0.038798675814878725
CTX-MGE GABA,Adra1a,0.036209420969295025
CTX-MGE GABA,Scn4b,0.03516792240338984
CTX-MGE GABA,Nrn1,0.0344277532071291
CTX-MGE GABA,Moxd1,0.03293505102050431
CTX-MGE GABA,Rbp4,0.032383071388410234
CTX-MGE GABA,Gda,0.031105548696315544
CTX-MGE GABA,Nr4a2,0.031080930768818682
CTX-MGE GABA,Slit3,0.026613199494591733
CTX-MGE GABA,Gfra1,0.025405628459598262
CTX-MGE GABA,Adcy2,0.024276945702832675
CTX-MGE GABA,Npas1,0.020154733443633166
CTX-MGE GABA,Kit,0.018687489792226564
CTX-MGE GABA,Rgs6,0.018443280695098485
CTX-MGE GABA,Bcl11a,0.016378185977973803
CTX-MGE GABA,Kcnmb2,0.0158305469327491
CTX-MGE GABA,Th,0.015328344313003894
CTX-MGE GABA,Fras1,0.015285255748584858
CTX-MGE GABA,Parm1,0.013939818463936327
CTX-MGE GABA,Ldb2,0.013010642576169906
CTX-MGE GABA,St6galnac5,0.011025303295922662
CTX-MGE GABA,Grik1,0.009537255834645375
CTX-MGE GABA,Lmo3,0.009344506276650177
CTX-MGE GABA,Lypd6,0.006990239392273279
CTX-MGE GABA,Kcnk9,0.0066362603428623546
CTX-MGE GABA,Ccnd2,0.00606687650395088
CTX-MGE GABA,Zbtb16,0.004480607246014734
CTX-MGE GABA,C1ql1,0.0023639798089389874
CTX-MGE GABA,Ecel1,0.0006753118162671212
CTX-MGE GABA,Marcksl1,0.0003861001808068698
CTX-MGE GABA,Ptk2b,-0.0012919766655328235
CTX-MGE GABA,Igf1,-0.001609709461240394
CTX-MGE GABA,Htr2a,-0.0026651111294386798
CTX-MGE GABA,Rasgrp1,-0.0034567352115462135
CTX-MGE GABA,Necab1,-0.006407787846248292
CTX-MGE GABA,Trhde,-0.007499949056727129
CTX-MGE GABA,Calb1,-0.011445774117170737
CTX-MGE GABA,Tox,-0.013634035726719507
CTX-MGE GABA,Fosl2,-0.014166440008348768
CTX-MGE GABA,Ctss,-0.01622943355385109
CTX-MGE GABA,Spon1,-0.017530851591679664
CTX-MGE GABA,Ramp3,-0.01915916718164845
CTX-MGE GABA,Sox10,-0.019372215936368953
CTX-MGE GABA,Egln3,-0.019860828300815037
CTX-MGE GABA,Galnt14,-0.019973517894540382
CTX-MGE GABA,Gpx3,-0.020656775812710748
CTX-MGE GABA,Nptx2,-0.02211214025139463
CTX-MGE GABA,Tent5a,-0.02397715619845231
CTX-MGE GABA,Cbln4,-0.027543581197166045
CTX-MGE GABA,Cnr1,-0.02857827890396325
CTX-MGE GABA,Gja1,-0.03275343924900653
CTX-MGE GABA,Pde1a,-0.040847149471513244
CTX-MGE GABA,Syndig1,-0.04242043773143789
CTX-MGE GABA,Mog,-0.0498099277019155
CTX-MGE GABA,Maf,-0.05276758728908315
CTX-MGE GABA,Rgs4,-0.05552391069112539
CTX-MGE GABA,Sorcs3,-0.05718699178848552
CTX-MGE GABA,Pou3f3,-0.05834544301782829
CTX-MGE GABA,Baiap3,-0.06470943711714394
CTX-MGE GABA,Fxyd6,-0.06799563918516993
CTX-MGE GABA,Glra2,-0.06846051119415208
CTX-MGE GABA,Qpct,-0.0696775132395111
CTX-MGE GABA,Hs3st2,-0.07109123237636683
CTX-MGE GABA,Glra3,-0.07150601092760245
CTX-MGE GABA,Sp9,-0.07595208099276873
CTX-MGE GABA,C1ql3,-0.08278505032285444
CTX-MGE GABA,Cacng3,-0.08946053400941412
CTX-MGE GABA,Nkx2-1,-0.11418096684776557
CTX-MGE GABA,Crh,-0.12246032683487118
CTX-MGE GABA,Lypd1,-0.14443694656648143
CTX-MGE GABA,Ighm,-0.15565042583280486
CTX-MGE GABA,Nxph2,-0.15793295774202432
CTX-MGE GABA,Ccn3,-0.17013580490704427
CTX-MGE GABA,Nfix,-0.1846650058094934
CTX-MGE GABA,Syt17,-0.18770693827824747
CTX-MGE GABA,Npy2r,-0.212406200912872
CTX-MGE GABA,Sema3e,-0.22398692369467543
CTX-MGE GABA,Calb2,-0.2604371300726014
CTX-MGE GABA,Hs3st4,-0.27167036642252174
CTX-MGE GABA,Slc17a7,-0.521742410252968
CTX-MGE GABA,Sv2b,-0.634448463219371
CTX-MGE GABA,Ndst4,-1.06284383500702
CNU-MGE GABA,Nos1,0.6414710642049282
CNU-MGE GABA,Baiap3,0.6247266001250106
CNU-MGE GABA,Tacr1,0.6221938170754452
CNU-MGE GABA,Bcl11a,0.6135819461939237
CNU-MGE GABA,Npy2r,0.6090077002350582
CNU-MGE GABA,Tox,0.6056377739018513
CNU-MGE GABA,Tent5a,0.5330488035751281
CNU-MGE GABA,Fxyd6,0.4930046193955835
CNU-MGE GABA,Syt6,0.4434917546373418
CNU-MGE GABA,Man1a,0.4400671560239299
CNU-MGE GABA,Rab3b,0.43936285587660384
CNU-MGE GABA,Igfbp4,0.40844313848099145
CNU-MGE GABA,Tox3,0.40736002874304644
CNU-MGE GABA,Lmo3,0.40477494370891554
CNU-MGE GABA,Marcksl1,0.3827593641197422
CNU-MGE GABA,Trpc7,0.3742135990860931
CNU-MGE GABA,Crhbp,0.37200448405164144
CNU-MGE GABA,Pde1a,0.3679431841584335
CNU-MGE GABA,Sntg2,0.35357054541546185
CNU-MGE GABA,Col11a1,0.3459903887950805
CNU-MGE GABA,Gpr83,0.3342328439696667
CNU-MGE GABA,Dach1,0.3047284712517878
CNU-MGE GABA,Chodl,0.2999369938298895
CNU-MGE GABA,Kit,0.28040899300575073
CNU-MGE GABA,Grm3,0.28010194508514286
CNU-MGE GABA,Grik1,0.2745096878880138
CNU-MGE GABA,Vwc2l,0.26011692127611974
CNU-MGE GABA,Zbtb16,0.23543737737634907
CNU-MGE GABA,Pde3a,0.220184891977381
CNU-MGE GABA,Unc5d,0.1956672697218741
CNU-MGE GABA,Synpr,0.1834920434773598
CNU-MGE GABA,Gpr101,0.17850314148385094
CNU-MGE GABA,Sema5a,0.1748866105572302
CNU-MGE GABA,Syt10,0.1735616981947905
CNU-MGE GABA,Adcy2,0.169762731908094
CNU-MGE GABA,Cbln4,0.16278346544283862
CNU-MGE GABA,Tafa2,0.16159098996179233
CNU-MGE GABA,Syndig1,0.15423518022902005
CNU-MGE GABA,Grik3,0.15116791758929793
CNU-MGE GABA,Kcnab3,0.1432831799021631
CNU-MGE GABA,Ramp3,0.13885747778023205
CNU-MGE GABA,Moxd1,0.12990263657415002
CNU-MGE GABA,Gpx3,0.12902195229949698
CNU-MGE GABA,Nkx2-1,0.1286975869063336
CNU-MGE GABA,Trhde,0.12112585878122817
CNU-MGE GABA,Kcns3,0.10243782761527565
CNU-MGE GABA,Lypd6,0.09627313794626224
CNU-MGE GABA,Sox2,0.09453230876234386
CNU-MGE GABA,Galnt18,0.08692304444522703
CNU-MGE GABA,Gpc3,0.08201071032074947
CNU-MGE GABA,Zeb2,0.058488963200016286
CNU-MGE GABA,Tacr3,0.053322596004482636
CNU-MGE GABA,Stxbp6,0.052371607878762716
CNU-MGE GABA,Ntn1,0.050151859758226225
CNU-MGE GABA,Drd1,0.04494186447044035
CNU-MGE GABA,Nfix,0.04476843812523057
CNU-MGE GABA,Cntn6,0.038795208254045366
CNU-MGE GABA,Six3,0.03589946296463231
CNU-MGE GABA,Cnr1,0.03579936524413063
CNU-MGE GABA,Parm1,0.03537445227994718
CNU-MGE GABA,Sv2b,0.03277692501919749
CNU-MGE GABA,Rgs4,0.02470487946250921
CNU-MGE GABA,Fstl5,0.01941849067595902
CNU-MGE GABA,Chrm3,0.008348038430220361
CNU-MGE GABA,Galnt14,0.004978874217541285
CNU-MGE GABA,Ccnd2,0.003943141544546669
CNU-MGE GABA,Epha4,0.002513546609123063
CNU-MGE GABA,Spon1,0.0011432938073415722
CNU-MGE GABA,Gja1,0.00022183299338429663
CNU-MGE GABA,Kctd8,-0.00023299179825153615
CNU-MGE GABA,Dchs2,-0.000608142568810699
CNU-MGE GABA,Ptprm,-0.00374243140671493
CNU-MGE GABA,Lancl3,-0.010527079958949193
CNU-MGE GABA,Shisa6,-0.016068972583143548
CNU-MGE GABA,Cdh6,-0.01928252557086041
CNU-MGE GABA,Calb2,-0.020393302724204476
CNU-MGE GABA,Th,-0.023509632442866746
CNU-MGE GABA,Vwc2,-0.03773868925166668
CNU-MGE GABA,Lypd1,-0.03874135207834484
CNU-MGE GABA,Kcnk9,-0.045384888473465335
CNU-MGE GABA,Megf11,-0.05326125928526393
CNU-MGE GABA,Syt17,-0.06289090441780787
CNU-MGE GABA,Maf,-0.06721812268177763
CNU-MGE GABA,Sox10,-0.0764188947243396
CNU-MGE GABA,Pth2r,-0.08551119003763619
CNU-MGE GABA,Zfp536,-0.08812335507029956
CNU-MGE GABA,Slc32a1,-0.09205308143115376
CNU-MGE GABA,Necab1,-0.0949626352461217
CNU-MGE GABA,Drd2,-0.10051639548805147
CNU-MGE GABA,Mkx,-0.10141784441604851
CNU-MGE GABA,Cdh20,-0.10242933972554047
CNU-MGE GABA,Htr2a,-0.10638129708635025
CNU-MGE GABA,Mog,-0.10977004965219606
CNU-MGE GABA,Hopx,-0.11347819770911172
CNU-MGE GABA,Hs3st4,-0.12122377809364382
CNU-MGE GABA,Dscaml1,-0.12907800700871097
CNU-MGE GABA,Nfib,-0.12933062595791966
CNU-MGE GABA,St6galnac5,-0.1329755806068771
CNU-MGE GABA,Nr4a3,-0.13742243918312114
CNU-MGE GABA,Osbpl3,-0.13923243616304215
CNU-MGE GABA,Fosl2,-0.15559560800731176
CNU-MGE GABA,Chrm2,-0.15675389365917725
CNU-MGE GABA,Calb1,-0.16363063757852947
CNU-MGE GABA,Rasgrp1,-0.1661187726242912
CNU-MGE GABA,Unc13c,-0.17505290283880104
CNU-MGE GABA,St18,-0.18742302511494957
CNU-MGE GABA,Gfap,-0.18897094753668964
CNU-MGE GABA,Sv2c,-0.1911037372588218
CNU-MGE GABA,Tmem132c,-0.19391721566937914
CNU-MGE GABA,Ndst4,-0.20275140245730494
CNU-MGE GABA,Cntnap3,-0.23060579322106722
CNU-MGE GABA,Caln1,-0.23700790632103486
CNU-MGE GABA,C1ql3,-0.24723046449243613
CNU-MGE GABA,Lamp5,-0.2490143939778866
CNU-MGE GABA,Pcp4l1,-0.25122487480128974
CNU-MGE GABA,Slc17a7,-0.2592984948627697
CNU-MGE GABA,Samd5,-0.26568122194412824
CNU-MGE GABA,Sulf2,-0.27389021492580246
CNU-MGE GABA,Serpine2,-0.285106779194658
CNU-MGE GABA,Lhx8,-0.28984541930948704
CNU-MGE GABA,Pvalb,-0.3008263793135588
CNU-MGE GABA,Igf1,-0.30219194765325286
CNU-MGE GABA,Fibcd1,-0.31174106432879767
CNU-MGE GABA,Sorcs3,-0.37541275355184434
CNU-MGE GABA,Sema3e,-0.3948290472950029
CNU-MGE GABA,Bcl11b,-0.45330945678156187
CNU-MGE GABA,Sp9,-0.4700905222557956
CNU-MGE GABA,Gda,-0.47019150404338794
CNU-MGE GABA,Hs3st2,-0.563404720082707
CNU-MGE GABA,Crh,-0.5722896554068799
CNU-MGE GABA,Nr4a2,-0.5896702600984296
CNU-MGE GABA,Dgkk,-0.7537186679096086
CNU-MGE GABA,Grm1,-0.754423146859748
CNU-MGE GABA,Glra3,-0.7960819022369932
CNU-MGE GABA,Syt2,-0.8388024431044023
CNU-MGE GABA,Mdga1,-0.8684186138446848
CNU-MGE GABA,Scn4b,-0.8879041535652854
CNU-MGE GABA,Dlk1,-0.89356973483859
CNU-MGE GABA,Elfn1,-1.0239108158599635
CNU-MGE GABA,Npas1,-1.1403738715334932
CNU-MGE GABA,Whrn,-1.153716858544838
CNU-MGE GABA,Slc5a7,-1.1551166078495405
CNU-MGE GABA,Nr2f1,-1.1652808378367117
CNU-MGE GABA,Nxph1,-1.214817566587556
CNU-MGE GABA,Glra2,-1.2230270266730048
CNU-MGE GABA,Gpr88,-1.227090714833973
CNU-MGE GABA,Chat,-1.333014913091192
CNU-MGE GABA,Cyp26b1,-1.5728452124263868
CNU-MGE GABA,Ecel1,-1.8300100396562264
CNU-MGE GABA,Agt,-2.3474010326235426
CNU-LGE GABA,Drd2,0.597640268874652
CNU-LGE GABA,Drd1,0.3880407020617582
CNU-LGE GABA,Pde1a,0.3513994543155776
CNU-LGE GABA,Grik3,0.3389579778366977
CNU-LGE GABA,Rxfp1,0.2793789185038026
CNU-LGE GABA,Baiap3,0.2773922859957546
CNU-LGE GABA,Sp9,0.2730899186011605
CNU-LGE GABA,Six3,0.26834426049962057
CNU-LGE GABA,Kctd8,0.26333844808401763
CNU-LGE GABA,Ust,0.2533350100447139
CNU-LGE GABA,Onecut2,0.2460393718000985
CNU-LGE GABA,Unc5d,0.23699905904711072
CNU-LGE GABA,A830036E02Rik,0.20709389481218954
CNU-LGE GABA,Fxyd6,0.19840779893784466
CNU-LGE GABA,Tox,0.18940555343948873
CNU-LGE GABA,Meis1,0.18508751462113782
CNU-LGE GABA,Rab3b,0.1767596324249796
CNU-LGE GABA,Fras1,0.16978912331845597
CNU-LGE GABA,Crym,0.16340158876606115
CNU-LGE GABA,Rgs4,0.1596308161152692
CNU-LGE GABA,Kcng1,0.1503794664215874
CNU-LGE GABA,Spock3,0.14676937488216324
CNU-LGE GABA,Gpr149,0.14654349366693453
CNU-LGE GABA,Kcnk9,0.14443942770849316
CNU-LGE GABA,Dchs2,0.14266317370723958
CNU-LGE GABA,Ccnd2,0.14262814542209667
CNU-LGE GABA,Kitl,0.14040708219615916
CNU-LGE GABA,Prkd1,0.13798936779163462
CNU-LGE GABA,Dscaml1,0.13579489602687356
CNU-LGE GABA,Unc13c,0.12628233860328109
CNU-LGE GABA,Cftr,0.12063590838312577
CNU-LGE GABA,Lpl,0.1166475251831326
CNU-LGE GABA,Gpr83,0.11102579195618811
CNU-LGE GABA,Ldb2,0.10690787258593115
CNU-LGE GABA,Syt2,0.10211852412738176
CNU-LGE GABA,Cntn6,0.10078430467180577
CNU-LGE GABA,Npy2r,0.09739189549095228
CNU-LGE GABA,Sorcs3,0.09734243543557186
CNU-LGE GABA,Scn4b,0.09657922050254397
CNU-LGE GABA,Isl1,0.09624188725859817
CNU-LGE GABA,Sntg2,0.09331421396494888
CNU-LGE GABA,Samd5,0.09063611848810038
CNU-LGE GABA,Vwc2l,0.08337497012460682
CNU-LGE GABA,Bcl11a,0.07499183956110445
CNU-LGE GABA,Qpct,0.07316183326692827
CNU-LGE GABA,Caln1,0.07138555434002491
CNU-LGE GABA,Serpine2,0.07136126736447557
CNU-LGE GABA,Reln,0.07129023289162328
CNU-LGE GABA,Syt6,0.0710310829017714
CNU-LGE GABA,Pax6,0.06641023108199617
CNU-LGE GABA,Slc38a1,0.06483366081964193
CNU-LGE GABA,Grm8,0.059035459327213546
CNU-LGE GABA,Rbp4,0.05891524782372437
CNU-LGE GABA,Slit3,0.05464863330930303
CNU-LGE GABA,Gfra1,0.049416693276582824
CNU-LGE GABA,Rasgrp1,0.04926562271371848
CNU-LGE GABA,Gda,0.04920881083787365
CNU-LGE GABA,Syt10,0.04402212795696481
CNU-LGE GABA,Chn2,0.04203577939534697
CNU-LGE GABA,Fli1,0.041564129115551296
CNU-LGE GABA,Man1a,0.03947458425866435
CNU-LGE GABA,Cacng3,0.03869683314537353
CNU-LGE GABA,Cnr1,0.03283793020799897
CNU-LGE GABA,Parm1,0.03231318633852365
CNU-LGE GABA,Sv2b,0.03151887155505739
CNU-LGE GABA,Trhr,0.02979905956466833
CNU-LGE GABA,Nfix,0.027994093780193907
CNU-LGE GABA,Gsta4,0.02775025167572609
CNU-LGE GABA,Synpr,0.02628363384663257
CNU-LGE GABA,Marcksl1,0.02154262669283058
CNU-LGE GABA,Lamp5,0.017489168210803263
CNU-LGE GABA,Ntn1,0.01734740135413293
CNU-LGE GABA,Cntnap3,0.013629010113258011
CNU-LGE GABA,Rprm,0.012474196941373972
CNU-LGE GABA,Sox2,0.010945112363235254
CNU-LGE GABA,Cd36,0.010775315885205416
CNU-LGE GABA,Hs3st4,0.010480426299291135
CNU-LGE GABA,Lpar1,0.008572171706337395
CNU-LGE GABA,2900052N01Rik,0.008448732335590736
CNU-LGE GABA,Col11a1,0.005029212331342459
CNU-LGE GABA,Egr2,0.0038501698142016094
CNU-LGE GABA,Nptx2,0.0031492537706173662
CNU-LGE GABA,Sox10,0.0030293327140827886
CNU-LGE GABA,Galnt18,0.0017796575140244242
CNU-LGE GABA,Abi3bp,0.0011923748235989073
CNU-LGE GABA,Pou3f3,7.832815094233059e-05
CNU-LGE GABA,Ptprm,-0.001063189649066043
CNU-LGE GABA,Lmo3,-0.003407292718039745
CNU-LGE GABA,Nr4a3,-0.0052026549547672385
CNU-LGE GABA,Syndig1,-0.00570860515411864
CNU-LGE GABA,Ctss,-0.007781101266204571
CNU-LGE GABA,Gja1,-0.008063406850977506
CNU-LGE GABA,Ramp1,-0.008434185498591651
CNU-LGE GABA,Mog,-0.00903784799371965
CNU-LGE GABA,Sv2c,-0.009629060060247108
CNU-LGE GABA,Fosl2,-0.009914501236870876
CNU-LGE GABA,Dlk1,-0.01098815112297391
CNU-LGE GABA,Opalin,-0.01099129301631252
CNU-LGE GABA,Kl,-0.012569147174658069
CNU-LGE GABA,Stxbp6,-0.014951639968882269
CNU-LGE GABA,Aqp4,-0.021223357939916143
CNU-LGE GABA,Col5a1,-0.021376963987919995
CNU-LGE GABA,Ankfn1,-0.028554413664115375
CNU-LGE GABA,Igfbp4,-0.03401389564448465
CNU-LGE GABA,Myo5b,-0.0370151436806625
CNU-LGE GABA,Cyp26b1,-0.038215266334011844
CNU-LGE GABA,Sema3e,-0.038380796301172415
CNU-LGE GABA,Grm1,-0.04247938205758994
CNU-LGE GABA,Dach1,-0.04438007519952669
CNU-LGE GABA,Tafa2,-0.04805745526639438
CNU-LGE GABA,Grin2c,-0.05615767007106576
CNU-LGE GABA,Clic6,-0.05757167902092908
CNU-LGE GABA,Nrp1,-0.060654376808585875
CNU-LGE GABA,Spon1,-0.0612885914984751
CNU-LGE GABA,Kcnab3,-0.06253740765681037
CNU-LGE GABA,Htr2a,-0.06277779766383995
CNU-LGE GABA,Trhde,-0.0631904438281432
CNU-LGE GABA,Zfhx4,-0.06565602968369277
CNU-LGE GABA,Otof,-0.06975820479415562
CNU-LGE GABA,Nr2f1,-0.07483404304543373
CNU-LGE GABA,Foxo1,-0.08086007485570423
CNU-LGE GABA,Calb1,-0.08259648332399627
CNU-LGE GABA,Glra2,-0.08353037141634867
CNU-LGE GABA,Lypd1,-0.08444029351433202
CNU-LGE GABA,Slc1a3,-0.08763872043828203
CNU-LGE GABA,Mdga1,-0.09500940068057595
CNU-LGE GABA,Epha4,-0.1001674132639434
CNU-LGE GABA,Grm3,-0.10898630764474482
CNU-LGE GABA,Syndig1l,-0.11424164480279786
CNU-LGE GABA,St6galnac5,-0.11787072837449641
CNU-LGE GABA,Nos1,-0.12547194276389928
CNU-LGE GABA,Pcp4l1,-0.14238231857974504
CNU-LGE GABA,Bcl11b,-0.15309125330179718
CNU-LGE GABA,Htr1b,-0.1616854177887772
CNU-LGE GABA,Cdh6,-0.16866791130560865
CNU-LGE GABA,Gfap,-0.17107983551311934
CNU-LGE GABA,Sulf2,-0.173701000960782
CNU-LGE GABA,Adcy2,-0.17422290379157812
CNU-LGE GABA,Cbln4,-0.19391138226064197
CNU-LGE GABA,Necab1,-0.19825045758920568
CNU-LGE GABA,Slc17a7,-0.2455285929551374
CNU-LGE GABA,Ecel1,-0.2691809714652933
CNU-LGE GABA,Cxcl14,-0.295396115562494
CNU-LGE GABA,Gpr101,-0.3365503640514236
CNU-LGE GABA,Col23a1,-0.34488744021597006
CNU-LGE GABA,Nts,-0.35867222253276054
CNU-LGE GABA,Gpc3,-0.45078896320991846
CNU-LGE GABA,Kcng2,-0.4646292250013957
CNU-LGE GABA,Nfib,-0.5803105125763457
CNU-LGE GABA,Gpr88,-0.9096307009537978
CNU-HYa GABA,Ldb2,0.10243832037341516
CNU-HYa GABA,Hs3st4,0.07911193214417911
CNU-HYa GABA,Dlk1,0.0577272865140962
CNU-HYa GABA,Nrp1,0.02872387642870944
CNU-HYa GABA,Npy2r,0.02618512342954238
CNU-HYa GABA,Sorcs3,0.019701044789330657
CNU-HYa GABA,Samd5,0.012936504548215155
CNU-HYa GABA,Syndig1,0.0069263280628145685
CNU-HYa GABA,Crh,0.004001086338806137
CNU-HYa GABA,Dgkk,0.001594200937790835
CNU-HYa GABA,Pcp4l1,-0.007087127690062811
CNU-HYa GABA,Lmo3,-0.011543472439581537
CNU-HYa GABA,Nts,-0.014610538850245103
CNU-HYa GABA,Unc5d,-0.02395338292916538
CNU-HYa GABA,Sp9,-0.02410753242849628
CNU-HYa GABA,Pou3f3,-0.027113765199104023
CNU-HYa GABA,Tmem132c,-0.027524412937600218
CNU-HYa GABA,Cntnap3,-0.027772730611522745
CNU-HYa GABA,Vwc2,-0.028592728120450328
CNU-HYa GABA,Ccn3,-0.028843710541347267
CNU-HYa GABA,Sox2,-0.03263092564412373
CNU-HYa GABA,Kctd8,-0.03334338935435821
CNU-HYa GABA,Syt6,-0.035306142046261035
CNU-HYa GABA,Ngb,-0.03628122219726482
CNU-HYa GABA,Tacr1,-0.036642389047336854
CNU-HYa GABA,Vwc2l,-0.03871667551139013
CNU-HYa GABA,Parm1,-0.039069286209791
CNU-HYa GABA,Slc17a7,-0.0395119286588963
CNU-HYa GABA,Man1a,-0.04487005940363087
CNU-HYa GABA,Ctss,-0.05462818432132566
CNU-HYa GABA,St6galnac5,-0.05738684147892226
CNU-HYa GABA,Ankfn1,-0.060164655737632744
CNU-HYa GABA,Zfhx4,-0.06371811609015254
CNU-HYa GABA,Glra3,-0.06510899546746729
CNU-HYa GABA,Nr4a3,-0.06514735901174284
CNU-HYa GABA,Gfap,-0.06860732437753425
CNU-HYa GABA,Tacr3,-0.06967102407179948
CNU-HYa GABA,Sema5a,-0.08037115408770945
CNU-HYa GABA,Cartpt,-0.08242680747034004
CNU-HYa GABA,Ccnd2,-0.08365483981093891
CNU-HYa GABA,Grik3,-0.09076288192630799
CNU-HYa GABA,Gja1,-0.09279487129976483
CNU-HYa GABA,Galnt18,-0.09375014516975022
CNU-HYa GABA,Dscaml1,-0.09518219356615254
CNU-HYa GABA,Tent5a,-0.10685574276820309
CNU-HYa GABA,Baiap3,-0.10838078072094892
CNU-HYa GABA,Chodl,-0.10857386360689603
CNU-HYa GABA,Tshz2,-0.1108033218072173
CNU-HYa GABA,Cxcl14,-0.11256347120873467
CNU-HYa GABA,Gpr101,-0.12838631012810575
CNU-HYa GABA,Unc13c,-0.13115939670175258
CNU-HYa GABA,Tox,-0.13191293647350189
CNU-HYa GABA,Trhde,-0.14589385850710013
CNU-HYa GABA,Calb1,-0.15177079652549974
CNU-HYa GABA,Tox3,-0.1522033516347534
CNU-HYa GABA,Chrm3,-0.15535767421355362
CNU-HYa GABA,Cnr1,-0.15751290544683427
CNU-HYa GABA,Kcng1,-0.15790200534071763
CNU-HYa GABA,Grm3,-0.16859860110932035
CNU-HYa GABA,Synpr,-0.1726334302370527
CNU-HYa GABA,Fosl2,-0.19645366465428116
CNU-HYa GABA,Glra2,-0.19801766105316476
CNU-HYa GABA,Adcy2,-0.20010840954814801
CNU-HYa GABA,Cbln4,-0.21428653628290606
CNU-HYa GABA,Gabrq,-0.2346926126448179
CNU-HYa GABA,Gfra1,-0.2526945770133442
CNU-HYa GABA,Trhr,-0.26405806065960746
CNU-HYa GABA,Pax6,-0.2762298160158094
CNU-HYa GABA,Col23a1,-0.2947226877483531
CNU-HYa GABA,Ecel1,-0.29926643552722165
CNU-HYa GABA,Ddc,-0.30520366770639584
CNU-HYa GABA,Stxbp6,-0.3253292956560081
CNU-HYa GABA,Tac2,-0.3273865541928298
CNU-HYa GABA,Sulf2,-0.3350018625054778
CNU-HYa GABA,Myo5b,-0.3390935598416147
CNU-HYa GABA,Hs3st2,-0.3480708261533063
CNU-HYa GABA,Chn2,-0.36933136506513464
CNU-HYa GABA,Ptprm,-0.36949571031284734
CNU-HYa GABA,Kit,-0.3703332169001843
CNU-HYa GABA,Nfix,-0.3793201773407844
CNU-HYa GABA,Slit3,-0.3802935448633904
CNU-HYa GABA,Gpc3,-0.3829462834212005
CNU-HYa GABA,Nfib,-0.3895598063375614
CNU-HYa GABA,Fras1,-0.3900527719848743
CNU-HYa GABA,Otof,-0.39830503810180584
CNU-HYa GABA,Sntg2,-0.4019117755534163
CNU-HYa GABA,Trpc7,-0.47156738189639746
CNU-HYa GABA,Drd2,-0.4835435562757324
CNU-HYa GABA,Six3,-0.490461349238025
CNU-HYa GABA,Rasgrp1,-0.49358794643867276
CNU-HYa GABA,Reln,-0.5035840045460953
CNU-HYa GABA,Necab1,-0.5295545408281623
CNU-HYa GABA,Nr2f1,-0.5338287344138541
CNU-HYa GABA,Gpr83,-0.5339907988286137
CNU-HYa GABA,Htr1b,-0.5391500209038009
CNU-HYa GABA,Syt10,-0.5485767420484422
CNU-HYa GABA,Cntn6,-0.5496813124347169
CNU-HYa GABA,Arhgap36,-0.5860136711192656
CNU-HYa GABA,Scn5a,-0.6493525027850091
CNU-HYa GABA,Casr,-0.6493949232854024
CNU-HYa GABA,Fstl5,-0.6713854945736892
CNU-HYa GABA,Dchs2,-0.6932423804810743
CNU-HYa GABA,Grm1,-0.7333114764613384
CNU-HYa GABA,Elfn1,-0.73423672318804
CNU-HYa GABA,Spon1,-0.7596990705004323
CNU-HYa GABA,Htr2a,-0.7806811248581931
CNU-HYa GABA,Rprm,-0.7922681246920897
CNU-HYa GABA,Caln1,-0.8882392657458311
CNU-HYa GABA,Rgs4,-0.8943344403789608
CNU-HYa GABA,Cyp26b1,-0.9215694971133801
CNU-HYa GABA,Foxo1,-0.9559374757252346
CNU-HYa GABA,Pnoc,-0.9561568903130142
CNU-HYa GABA,Tafa2,-0.962853554327826
CNU-HYa GABA,Bcl11a,-0.9677935752836062
CNU-HYa GABA,Gda,-0.9883005866260826
CNU-HYa GABA,Htr7,-1.0090321294231464
CNU-HYa GABA,Spock3,-1.0927381523271085
CNU-HYa GABA,Lypd1,-1.1892537150345985
CNU-HYa GABA,Marcksl1,-1.219965822925325
CNU-HYa GABA,Sv2c,-1.2425267441861436
CNU-HYa GABA,Sv2b,-1.296531513135585
CNU-HYa GABA,Whrn,-1.3397144916975838
CNU-HYa GABA,Vwa5b1,-1.3435989733735334
CNU-HYa GABA,Pde1a,-1.4026332103705839
CNU-HYa GABA,Nos1,-1.4720233748700573
CNU-HYa GABA,Esyt3,-1.49145470676094
CNU-HYa GABA,Tmem215,-1.511489789891007
CNU-HYa GABA,Gpr88,-1.5120047811907562
CNU-HYa GABA,Cacng3,-1.5125452970017275
CNU-HYa GABA,Crym,-1.5383541064098831
CNU-HYa GABA,Moxd1,-1.5818918320112147
CNU-HYa GABA,Kcnk9,-1.5849843293282109
CNU-HYa GABA,Prlr,-1.5870265256165648
CNU-HYa GABA,Fxyd6,-1.673876524166277
CNU-HYa GABA,Rab3b,-1.765141036661623
CNU-HYa GABA,Lamp5,-2.244737951719515
CNU-HYa GABA,Tmie,-2.6902383095978784
CNU-HYa GABA,Fign,-2.9417197768547636
CNU-HYa GABA,Calb2,-3.110423001888714
CNU-HYa GABA,Agt,-3.263147584164032
CNU-HYa GABA,Nxph2,-3.4643931364406635
CNU-HYa GABA,Nr2f2,-3.530832598881031
CNU-HYa GABA,Nxph1,-4.540401711927549
CNU-HYa GABA,Igsf1,-4.578741012214672
CNU-HYa GABA,Ptk2b,-4.583808301253498
CNU-HYa GABA,Irs4,-4.718755771557433
CNU-HYa GABA,Epha4,-5.207618521053149
CNU-HYa GABA,Grik1,-5.61141896635718
CNU-HYa GABA,Bcl11b,-6.622133536075007
CNU-HYa GABA,Gpx3,-9.110142048872127
HY GABA,Grik1,0.03326210237083871
HY GABA,Fstl5,0.03212374389009309
HY GABA,Esyt3,0.02821952252616855
HY GABA,Cdh20,0.022106387583487264
HY GABA,Syt6,0.021528211614427417
HY GABA,Scn4b,0.013441855496943322
HY GABA,C1ql3,0.012032622783655023
HY GABA,Vwc2,0.010802305117383004
HY GABA,Cacng3,0.008692858325060171
HY GABA,Nrp1,0.008291726135468469
HY GABA,Dlk1,0.005378305425349894
HY GABA,Mdga1,0.004842517752863595
HY GABA,Calb1,0.004477146964833145
HY GABA,Reln,0.004276035307729353
HY GABA,Htr1b,0.002321529454730631
HY GABA,Gfra1,-1.4858844373355495e-05
HY GABA,Syt2,-0.0006232509431658428
HY GABA,Marcksl1,-0.0006236002205062263
HY GABA,Tox,-0.0012775468348955599
HY GABA,Onecut2,-0.002557516991878561
HY GABA,Baiap3,-0.0028415342140331035
HY GABA,Nfib,-0.0028970739327784933
HY GABA,Dchs2,-0.003025577271904556
HY GABA,Unc13c,-0.0032197358928629516
HY GABA,Rgs4,-0.0032509735754622238
HY GABA,Tafa2,-0.003933368468709286
HY GABA,Stxbp6,-0.004029786367961696
HY GABA,Cxcl14,-0.004810470317280657
HY GABA,Cntn6,-0.005292746898416079
HY GABA,Tacr1,-0.005817938839861814
HY GABA,Glra3,-0.006113395328011917
HY GABA,Lypd1,-0.006636916612704935
HY GABA,Cgnl1,-0.006760110853195833
HY GABA,Tmem132c,-0.007041570447063661
HY GABA,Cbln2,-0.007240204050805277
HY GABA,Sema5a,-0.0074433072469395345
HY GABA,Kcnk9,-0.007811553811367
HY GABA,Trhde,-0.0082756372985886
HY GABA,Kctd8,-0.008381657011169663
HY GABA,Zbtb16,-0.011042328535236345
HY GABA,Grik3,-0.01207448183946358
HY GABA,Irs4,-0.012229522847454488
HY GABA,Fras1,-0.01279190468383784
HY GABA,Rab3b,-0.014050432158779103
HY GABA,Necab1,-0.014695215533291783
HY GABA,Ngb,-0.01667397526969605
HY GABA,Slc17a6,-0.017988373389377532
HY GABA,Chrm3,-0.019235836651947835
HY GABA,Grin2c,-0.01979323367218444
HY GABA,Syndig1,-0.021469616205018527
HY GABA,Ccnd2,-0.02156261475452248
HY GABA,Tacr3,-0.022241820742979757
HY GABA,Synpr,-0.022508518633299168
HY GABA,Glra2,-0.022614532489206196
HY GABA,Sox10,-0.022754412176583916
HY GABA,Fxyd6,-0.022988498253405876
HY GABA,Sv2c,-0.02404404733304455
HY GABA,Epha4,-0.024213192868004718
HY GABA,Trpc7,-0.02533911537012723
HY GABA,Dgkk,-0.02612003614401659
HY GABA,Arhgap36,-0.02722606513982595
HY GABA,Gabrq,-0.02886461135747087
HY GABA,Col11a1,-0.02936090706593908
HY GABA,Slit3,-0.029717503518550625
HY GABA,Pax6,-0.030585127516080446
HY GABA,Gpr139,-0.031637776956968455
HY GABA,Mkx,-0.031976907843869196
HY GABA,Ptprm,-0.03283612794383495
HY GABA,Spon1,-0.033840627887246066
HY GABA,Kcnab3,-0.03411167036452434
HY GABA,Calb2,-0.03427973309063681
HY GABA,Grm3,-0.03686586304477446
HY GABA,Gfap,-0.03710176545897825
HY GABA,Igsf1,-0.03796839876672031
HY GABA,Caln1,-0.03884677085466648
HY GABA,Cbln1,-0.04121870569499797
HY GABA,Sorcs3,-0.04202156235784038
HY GABA,Gpx3,-0.042268029992780454
HY GABA,Mog,-0.04538084326340086
HY GABA,Sp9,-0.04743239630609519
HY GABA,Nos1,-0.048788680738102386
HY GABA,Elfn1,-0.04969114722810719
HY GABA,Grm1,-0.050750629909524836
HY GABA,Gpc3,-0.05723549768074543
HY GABA,Ddc,-0.05738928139020838
HY GABA,Ndst4,-0.06043565170781906
HY GABA,Pde1a,-0.06329243819952746
HY GABA,Syt17,-0.06648508546277165
HY GABA,Zfhx4,-0.06684241404757962
HY GABA,Galnt18,-0.06790687075355262
HY GABA,Nkx2-1,-0.06866081534383128
HY GABA,Fign,-0.07058845033403816
HY GABA,Ighm,-0.07203584090486426
HY GABA,Whrn,-0.07521060585794626
HY GABA,Lypd6,-0.07811198332841118
HY GABA,Dscaml1,-0.08062581254597334
HY GABA,Sulf2,-0.08470209791643257
HY GABA,Vwc2l,-0.08793420747612468
HY GABA,Nfix,-0.08839877664613094
HY GABA,Syt10,-0.08896373518200518
HY GABA,Samd5,-0.08981896868962069
HY GABA,Nr2f1,-0.09136083727803856
HY GABA,Nr2f2,-0.09224826067809233
HY GABA,Otof,-0.09266250264180154
HY GABA,Adcy2,-0.09335387481512303
HY GABA,Pnoc,-0.09610607808138782
HY GABA,Gpr101,-0.09621325190009689
HY GABA,Nxph1,-0.10067238000013257
HY GABA,Npy2r,-0.10281303557307009
HY GABA,Rgs6,-0.10442491327131553
HY GABA,Cbln4,-0.11461605666017038
HY GABA,Chrm2,-0.12540518678104906
HY GABA,Ecel1,-0.1269456425236677
HY GABA,Gja1,-0.1298208721018217
HY GABA,Parm1,-0.13153860388695326
HY GABA,Isl1,-0.13473968291149396
HY GABA,Npas1,-0.13603718948821064
HY GABA,Rprm,-0.13757496142165748
HY GABA,Th,-0.14194463411232783
HY GABA,Zfp521,-0.14385888840720007
HY GABA,Lamp5,-0.14746547732764426
HY GABA,Agt,-0.14823862922132602
HY GABA,Zfpm2,-0.14871545069868275
HY GABA,Pcp4l1,-0.15168210611134958
HY GABA,Cdh6,-0.16503429888554244
HY GABA,Tcf7l2,-0.1708578954604334
HY GABA,Lncenc1,-0.17206726494403246
HY GABA,Rasgrp1,-0.17286794312190312
HY GABA,Fibcd1,-0.17886231913501116
HY GABA,Unc5d,-0.18260312132533452
HY GABA,Aqp4,-0.18753311554284635
HY GABA,Rmst,-0.1888408566650821
HY GABA,Lancl3,-0.20408154644619425
HY GABA,Slc30a3,-0.22631032880256607
HY GABA,Gpr83,-0.22971921943368612
HY GABA,Vcan,-0.23705893064396788
HY GABA,Hs3st4,-0.2393719020775955
HY GABA,Sp8,-0.24281956178601316
HY GABA,Sema3e,-0.2479129448056585
HY GABA,St6galnac5,-0.26365547288346614
HY GABA,Kcnmb2,-0.2735155585302802
HY GABA,Nts,-0.29370241649642903
HY GABA,Dach1,-0.2972533878289596
HY GABA,Sv2b,-0.3034613056019573
HY GABA,Drd2,-0.3087030581509074
HY GABA,Tac2,-0.3390608564977131
HY GABA,Cnr1,-0.37436168275943027
HY GABA,Pvalb,-0.5292769167154301
HY GABA,Ramp3,-0.6403381655764742
HY GABA,Six3,-1.1614150565194024
CNU-HYa Glut,Esyt3,0.2362405832614094
CNU-HYa Glut,Lamp5,0.11863448611457617
CNU-HYa Glut,Igfbp6,0.060922219977535774
CNU-HYa Glut,Ankfn1,0.05346977334185532
CNU-HYa Glut,Parm1,0.027647241855123683
CNU-HYa Glut,Nr2f1,0.024133177944142936
CNU-HYa Glut,Nwd2,0.014006239928947561
CNU-HYa Glut,Ccnd2,0.011367643958630214
CNU-HYa Glut,Foxo1,0.0037155221889747514
CNU-HYa Glut,Sorcs3,0.002691277066941389
CNU-HYa Glut,Sema5a,0.0019114506190585079
CNU-HYa Glut,Kcng2,0.0015497486217697087
CNU-HYa Glut,Nos1,-0.0018465005974428461
CNU-HYa Glut,Cd36,-0.0029692575620248185
CNU-HYa Glut,Zfpm2,-0.003542445606229183
CNU-HYa Glut,Chrm3,-0.008257526816606742
CNU-HYa Glut,Scn7a,-0.010863008195658663
CNU-HYa Glut,Tcerg1l,-0.01450630395915442
CNU-HYa Glut,Prlr,-0.014984404556433795
CNU-HYa Glut,Syt2,-0.017699787428408387
CNU-HYa Glut,Crym,-0.02917627492195729
CNU-HYa Glut,Fign,-0.030906010486480673
CNU-HYa Glut,Ndst4,-0.03795102206009404
CNU-HYa Glut,Ddc,-0.039374657032038796
CNU-HYa Glut,Cdh6,-0.041792989981865425
CNU-HYa Glut,Lmo3,-0.045330710074154235
CNU-HYa Glut,St6galnac5,-0.04611702893205649
CNU-HYa Glut,Calb2,-0.05160655353183352
CNU-HYa Glut,Slc1a3,-0.0531055017618518
CNU-HYa Glut,Zfhx4,-0.05411079083742809
CNU-HYa Glut,Htr1b,-0.055610521369467314
CNU-HYa Glut,Rgs4,-0.05656260792814072
CNU-HYa Glut,Dlk1,-0.06194853025859026
CNU-HYa Glut,Cxcl14,-0.0625761412146566
CNU-HYa Glut,Trhde,-0.0635944464019853
CNU-HYa Glut,Col11a1,-0.06551980876753327
CNU-HYa Glut,Gja1,-0.06830164575007469
CNU-HYa Glut,Unc5d,-0.07036215905872867
CNU-HYa Glut,Arhgap36,-0.07265096881639543
CNU-HYa Glut,Spock3,-0.07316645287228818
CNU-HYa Glut,Fstl5,-0.08270042853807968
CNU-HYa Glut,Slc17a7,-0.08316881046042601
CNU-HYa Glut,Rab3b,-0.08913495481359712
CNU-HYa Glut,Calb1,-0.08988268516982867
CNU-HYa Glut,Pax6,-0.09239516496259337
CNU-HYa Glut,Adamts2,-0.09348757200570312
CNU-HYa Glut,Scn5a,-0.10004865630029802
CNU-HYa Glut,Spon1,-0.10042876144610768
CNU-HYa Glut,Vwc2l,-0.1093054964332354
CNU-HYa Glut,Slc32a1,-0.1096319088758011
CNU-HYa Glut,Otp,-0.11298404488725566
CNU-HYa Glut,Dscaml1,-0.11540199316142785
CNU-HYa Glut,Medag,-0.11698687357207938
CNU-HYa Glut,Nr4a3,-0.1171264465578421
CNU-HYa Glut,Syndig1,-0.13556363584088582
CNU-HYa Glut,Agt,-0.13643857600525422
CNU-HYa Glut,Trhr,-0.13784018789192332
CNU-HYa Glut,Unc13c,-0.1393144150403618
CNU-HYa Glut,Kl,-0.13946466206811725
CNU-HYa Glut,Kcng1,-0.1414708553055457
CNU-HYa Glut,Vwc2,-0.1428071634881667
CNU-HYa Glut,Tafa2,-0.1529419456084422
CNU-HYa Glut,Tmem215,-0.15661598807591592
CNU-HYa Glut,Gpx3,-0.15971675394789941
CNU-HYa Glut,Rmst,-0.1645216682343511
CNU-HYa Glut,Dgkk,-0.1683684288306544
CNU-HYa Glut,Syt10,-0.2084405179612714
CNU-HYa Glut,Cnr1,-0.21645851182519582
CNU-HYa Glut,Grm1,-0.21995237810219193
CNU-HYa Glut,Fosl2,-0.22950608452330545
CNU-HYa Glut,Sox2,-0.2434235349713767
CNU-HYa Glut,Cacng3,-0.2440653381993918
CNU-HYa Glut,Adcyap1,-0.2481768976987091
CNU-HYa Glut,Npy2r,-0.24942931688017866
CNU-HYa Glut,Stxbp6,-0.25085323700671514
CNU-HYa Glut,Bcl11a,-0.2517778555283898
CNU-HYa Glut,Ngb,-0.2523214316688278
CNU-HYa Glut,Samd5,-0.2632694063585599
CNU-HYa Glut,Cdh20,-0.27669040442973847
CNU-HYa Glut,Glra2,-0.322033977902197
CNU-HYa Glut,Vwa5b1,-0.32795804875894863
CNU-HYa Glut,Nptx2,-0.33194110620891193
CNU-HYa Glut,Nxph1,-0.332214786252196
CNU-HYa Glut,A830036E02Rik,-0.3333967595941536
CNU-HYa Glut,Mdga1,-0.3368467460661837
CNU-HYa Glut,Irs4,-0.34250382690527026
CNU-HYa Glut,Ndnf,-0.3514716286620323
CNU-HYa Glut,Adcy2,-0.3561663202771772
CNU-HYa Glut,Rwdd2a,-0.3649042043938897
CNU-HYa Glut,Tox3,-0.37363921699412983
CNU-HYa Glut,Grm3,-0.3808406326863507
CNU-HYa Glut,Grik1,-0.3850218220425079
CNU-HYa Glut,Sulf2,-0.397038111315293
CNU-HYa Glut,Lhfp,-0.39970254523320214
CNU-HYa Glut,Tox,-0.4002770421677986
CNU-HYa Glut,Kit,-0.4018870428320236
CNU-HYa Glut,Tmem132c,-0.41285055376847524
CNU-HYa Glut,Slit3,-0.4141047822775039
CNU-HYa Glut,Necab1,-0.41702417164769345
CNU-HYa Glut,Tacr1,-0.42050874500406477
CNU-HYa Glut,Gpr149,-0.43919002101777704
CNU-HYa Glut,Ecel1,-0.44127269744056896
CNU-HYa Glut,Lypd1,-0.47069956983987193
CNU-HYa Glut,Meis1,-0.4722925977247576
CNU-HYa Glut,C1ql3,-0.4745491909382895
CNU-HYa Glut,Igsf1,-0.49955421556825486
CNU-HYa Glut,Whrn,-0.5020682100654734
CNU-HYa Glut,Rasgrp1,-0.5041423676914969
CNU-HYa Glut,Nrn1,-0.505006596734586
CNU-HYa Glut,Grik3,-0.541828219493143
CNU-HYa Glut,Kctd8,-0.5538057815985149
CNU-HYa Glut,Htr2a,-0.5742000850776787
CNU-HYa Glut,Nr2f2,-0.5770465484464808
CNU-HYa Glut,Marcksl1,-0.5776658430163666
CNU-HYa Glut,Ccn3,-0.5824488306184965
CNU-HYa Glut,Otof,-0.5999634489506014
CNU-HYa Glut,Nxph4,-0.6036448412764013
CNU-HYa Glut,Ctss,-0.6096982326815397
CNU-HYa Glut,Cntnap3,-0.6130852527960844
CNU-HYa Glut,Synpr,-0.6140777586479798
CNU-HYa Glut,Gabrq,-0.6525166679460281
CNU-HYa Glut,Bcl11b,-0.6611366891872912
CNU-HYa Glut,Cntn6,-0.6849663719897177
CNU-HYa Glut,Npsr1,-0.7083560017976145
CNU-HYa Glut,Casr,-0.7107061389226199
CNU-HYa Glut,Galnt18,-0.7203976827890575
CNU-HYa Glut,Col23a1,-0.7289514000722312
CNU-HYa Glut,Barhl2,-0.730088946404875
CNU-HYa Glut,Nrp1,-0.8033641874113757
CNU-HYa Glut,Hs3st4,-0.8262830239349837
CNU-HYa Glut,Ptprm,-0.8529666416281199
CNU-HYa Glut,Glra3,-0.8670449358339987
CNU-HYa Glut,Gpr101,-0.8756126503647315
CNU-HYa Glut,Elfn1,-0.9054354975547854
CNU-HYa Glut,Syt17,-0.9218458924243744
CNU-HYa Glut,Col18a1,-0.9317431690361777
CNU-HYa Glut,Sv2c,-1.0028695793505649
CNU-HYa Glut,Pde1a,-1.0908404870160244
CNU-HYa Glut,Baiap3,-1.5930431240102414
CNU-HYa Glut,Epha4,-1.6005396458949783
CNU-HYa Glut,Rprm,-1.6589761840949193
CNU-HYa Glut,Cartpt,-2.1967641251070353
CNU-HYa Glut,Kcnab3,-2.2565325260312155
CNU-HYa Glut,Ldb2,-2.6032702533815013
CNU-HYa Glut,Gad2,-2.74477521296319
CNU-HYa Glut,Pcp4l1,-3.0399468043721427
CNU-HYa Glut,Gda,-3.0450158428511482
CNU-HYa Glut,Ptk2b,-3.131497098806064
CNU-HYa Glut,Pth2r,-19.830547650126846
CNU-HYa Glut,Cbln1,-40.48838360849982
HY Glut,Hs3st4,0.47702867669428894
HY Glut,Pvalb,0.44592927544570515
HY Glut,Zfp536,0.339601628628852
HY Glut,Tmie,0.2642449934171258
HY Glut,Cidea,0.23037110977722375
HY Glut,Rwdd2a,0.19873875971198152
HY Glut,Marcksl1,0.1019291395283749
HY Glut,Bcl11a,0.058947330679219756
HY Glut,Nrp1,0.05665936215361056
HY Glut,Kazald1,0.03567375333843148
HY Glut,Fxyd6,0.029913932460730153
HY Glut,Stxbp6,0.012771265425411404
HY Glut,Col24a1,0.00650984025285295
HY Glut,Barhl2,-0.002625600862553812
HY Glut,Slc1a3,-0.004525769469916119
HY Glut,Mog,-0.004922250849922705
HY Glut,Pde1a,-0.006647888289144976
HY Glut,Zfhx4,-0.032943228402742664
HY Glut,Fras1,-0.0439696225151367
HY Glut,Grik3,-0.045249716866607725
HY Glut,Fgf10,-0.0772970673625506
HY Glut,Syndig1,-0.08591628518070027
HY Glut,Prkd1,-0.08687229761358228
HY Glut,Galnt18,-0.10021601616985953
HY Glut,Cdh6,-0.10441436879453159
HY Glut,Dscaml1,-0.1077962251990594
HY Glut,Sema3e,-0.12841868315970162
HY Glut,Htr7,-0.13794766631364164
HY Glut,Vwa5b1,-0.14503021655375803
HY Glut,Pcp4l1,-0.14660491728187952
HY Glut,Tshz2,-0.16768172302896
HY Glut,Kit,-0.16777636578866462
HY Glut,Gda,-0.20136421860992448
HY Glut,Rprm,-0.20448558560731978
HY Glut,Lrp4,-0.21769513549413788
HY Glut,Spon1,-0.22921786359185425
HY Glut,Kcnk9,-0.2340816133431256
HY Glut,Prlr,-0.24110128370658646
HY Glut,Adcy2,-0.28647691853854385
HY Glut,Scn4b,-0.2879139449258237
HY Glut,Slc32a1,-0.29849270991791244
HY Glut,Nts,-0.31618535229566747
HY Glut,Rorb,-0.36553104830172956
HY Glut,Kctd8,-0.38065057799303004
HY Glut,Col11a1,-0.40162082173676694
HY Glut,Gabrq,-0.4278990622411938
HY Glut,Htr2a,-0.4386807162492794
HY Glut,Samd5,-0.4448498796722915
HY Glut,Angpt1,-0.5005843657214124
HY Glut,Zfpm2,-0.573020000830881
HY Glut,Zfp521,-0.5780870709297281
HY Glut,Cntn6,-0.6017489260070483
HY Glut,Gad2,-0.6374460244060987
HY Glut,Ptprm,-0.643052059254922
HY Glut,Otof,-0.6537207866014836
HY Glut,Rab3b,-0.6599917588138797
HY Glut,Sv2c,-0.6689487696399405
HY Glut,Syt6,-0.7309369709031357
HY Glut,Sulf2,-0.7351678124788588
HY Glut,Nxph1,-0.772644583722377
HY Glut,Glra3,-0.7758977013993011
HY Glut,Cd36,-0.8681939122591134
HY Glut,Cdh20,-0.8728041153523745
HY Glut,Gja1,-0.8846885139082192
HY Glut,Ret,-0.9078245253095634
HY Glut,Parm1,-0.9619782848697929
HY Glut,Gpc3,-0.9628701546028571
HY Glut,Vwc2l,-1.0063324540704284
HY Glut,Vwc2,-1.0236929664924599
HY Glut,Rgs6,-1.0382310919799247
HY Glut,Agt,-1.0735718823022253
HY Glut,Sox10,-1.1358356802890004
HY Glut,Ndnf,-1.1695743010215325
HY Glut,Lncenc1,-1.1775026330870313
HY Glut,Mkx,-1.1783519043503339
HY Glut,Baiap3,-1.2038937759175927
HY Glut,Sv2b,-1.2305391974733295
HY Glut,Gpx3,-1.2907034293421478
HY Glut,Elfn1,-1.2946187856657025
HY Glut,Syt2,-1.3137961020681121
HY Glut,Nr2f2,-1.3189712473025375
HY Glut,Grm3,-1.3287233501359168
HY Glut,Nos1,-1.3523365810000545
HY Glut,Cbln2,-1.3672147934050685
HY Glut,C1ql3,-1.3894257480811478
HY Glut,Glra2,-1.393683528850492
HY Glut,Cnr1,-1.426425591640045
HY Glut,Mctp2,-1.4971932120773772
HY Glut,Unc5d,-1.6594959140245833
HY Glut,Adamts2,-1.7105594934873425
HY Glut,Ngb,-1.7884868966563965
HY Glut,Dlk1,-1.8964991196774519
HY Glut,Ebf3,-1.9328647927554998
HY Glut,Caln1,-2.0172913055813635
HY Glut,Tafa2,-2.060006614738002
HY Glut,Nr2f1,-2.2498460320777505
HY Glut,Rmst,-2.371439528128006
HY Glut,Ndst4,-2.379789670587432
HY Glut,Unc13c,-2.385033073777286
HY Glut,Fosl2,-2.4006387458248435
HY Glut,Lamp5,-2.5390416431191687
HY Glut,Ccn3,-2.5793767993133323
HY Glut,Rgs4,-2.704650898049702
HY Glut,Calb2,-2.7145644076715105
HY Glut,Qpct,-3.0233894919272633
HY Glut,Chrm2,-3.078331795560998
HY Glut,Syt17,-3.0835945776463287
HY Glut,Sorcs3,-3.2033261288630683
HY Glut,Rasgrp1,-3.354995743920515
HY Glut,Pitx2,-3.4834132877044235
HY Glut,Mdga1,-3.6376634048121863
HY Glut,Foxa1,-3.8160391887859024
HY Glut,Necab1,-4.125080207324212
HY Glut,Bcl11b,-4.143654882371952
HY Glut,Tent5a,-4.397980422070742
HY Glut,Chrm3,-4.415794526326319
HY Glut,Nxph4,-4.841133161430872
HY Glut,Tox,-4.939071038389412
HY Glut,Synpr,-5.716710390395964
HY Glut,Dchs2,-6.517215476801546
HY Glut,Ttc6,-6.64746854602697
HY Glut,Opalin,-7.1663776034768265
HY Glut,Kcnab3,-7.857047214762401
HY Glut,Htr1b,-8.58027734833244
HY Glut,Adcyap1,-8.918500792755275
HY Glut,Aqp4,-13.06786906194842
HY Glut,Cxcl14,-14.50336356203911
HY Glut,Ldb2,-16.567888328351476
HY Glut,Gpr101,-30.998347311408406
HY Glut,Trhde,-31.984865445821633
HY Glut,Grm1,-42.63322852072023
HY Glut,Cbln1,-47.840455396036
HY Glut,Gfap,-50.98861784381145
HY Glut,Whrn,-75.31962800838299
HY Glut,Sema5a,-185.24394155302426
HY Glut,Irs4,-2414716452.6086917
HY Glut,Rxfp1,-14315980432.722408
HY Glut,Col18a1,-31020327594.36767
HY Glut,Scn5a,-78860277834.3808
HY Glut,Tacr1,-356196598751.09436
HY Glut,Esyt3,-400843123600.613
HY Glut,Npsr1,-460445073901.3996
HY Glut,Grik1,-563674379801.0049
HY Glut,Dgkk,-621011446913.6555
HY Glut,Fstl5,-846026642460.6123
HY Glut,Ecel1,-904695845732.9606
HY Glut,Igsf1,-905786386883.2828
HY Glut,Calb1,-1385349031754.2666
HY Glut,Otp,-2277611033040.8975
HY Glut,Arhgap36,-4064658751361.5835
TH Glut,Fras1,0.11272415263533375
TH Glut,Ntng1,0.10998772304289173
TH Glut,Slc7a10,0.09574456170719958
TH Glut,Epha4,0.09495184473487783
TH Glut,Slit3,0.08403201508762892
TH Glut,Samd5,0.07993963246241065
TH Glut,Kcnk9,0.0722277512704732
TH Glut,Shisa6,0.06938904112158595
TH Glut,Slc38a1,0.06358021958046789
TH Glut,Slc17a7,0.05762536687696862
TH Glut,Syndig1,0.05205629662163136
TH Glut,Vwc2,0.05012854768259101
TH Glut,Kitl,0.04852646225890078
TH Glut,Rgs4,0.047435118911138274
TH Glut,Grin2c,0.047178480122626376
TH Glut,Adamts2,0.04645083359300495
TH Glut,Tbcc,0.0444945374568666
TH Glut,Pcp4l1,0.04329248610026004
TH Glut,St6galnac5,0.042092019732934305
TH Glut,Ramp3,0.038271939732248184
TH Glut,Grm1,0.03750294887396877
TH Glut,Mctp2,0.030005924996303834
TH Glut,Galnt14,0.02779310037861693
TH Glut,Rorb,0.024508327085605464
TH Glut,Onecut2,0.021784411925130587
TH Glut,Medag,0.01988936714449152
TH Glut,Ret,0.014899443030645276
TH Glut,Nrn1,0.013277785980751355
TH Glut,Nfib,0.01256032649228156
TH Glut,Fam163a,0.009964403172020186
TH Glut,Tcf7l2,0.008300752101682352
TH Glut,Lhfp,0.008237578490192798
TH Glut,Spon1,0.00805851868582208
TH Glut,Vwc2l,0.007083525014143333
TH Glut,Zfhx4,0.006349844082456646
TH Glut,Zbtb16,0.006037253911831519
TH Glut,Gpr4,0.004714037912076474
TH Glut,Ctss,0.001699790020306624
TH Glut,Pvalb,0.0009887985340021332
TH Glut,Tafa4,0.0008680960484188649
TH Glut,Cldn5,-0.00022968367980746862
TH Glut,Car4,-0.0007701532078683293
TH Glut,Osbpl3,-0.0009060649722318903
TH Glut,Kctd8,-0.004334550872829412
TH Glut,Igf1,-0.0045416172069896454
TH Glut,Kcnj8,-0.005288673728300219
TH Glut,Cited1,-0.007182761422751982
TH Glut,Prkg2,-0.009758897424078095
TH Glut,Sox6,-0.010002668393437109
TH Glut,Cd34,-0.012454258541474639
TH Glut,Dock5,-0.01343308547941513
TH Glut,Gsta4,-0.013526752529450015
TH Glut,Pou3f3,-0.014218397487671286
TH Glut,Fli1,-0.015640570779188234
TH Glut,Opalin,-0.016464938294834308
TH Glut,Cxcl14,-0.017032614841544058
TH Glut,Tmie,-0.01823889222347419
TH Glut,Zeb2,-0.019129044925795702
TH Glut,Igfbp4,-0.019741167347595345
TH Glut,Zic1,-0.02011850238105528
TH Glut,A830036E02Rik,-0.021329028721663423
TH Glut,Ramp1,-0.021757549468625736
TH Glut,Zfp536,-0.02248118957642653
TH Glut,Sox10,-0.02344175915415092
TH Glut,Cgnl1,-0.025137277351497955
TH Glut,Fxyd6,-0.0320807544008499
TH Glut,Slc1a3,-0.03315615535378824
TH Glut,Mog,-0.03422965938909872
TH Glut,Marcksl1,-0.03586589345496893
TH Glut,Nfix,-0.03611400092973782
TH Glut,Zfp521,-0.03702076242776409
TH Glut,Cntn6,-0.03775113676091868
TH Glut,Galnt18,-0.039058202699743694
TH Glut,Mrpl16,-0.03909244761002406
TH Glut,Serpine2,-0.04617024253079394
TH Glut,Nrp1,-0.04637863526480035
TH Glut,Scn4b,-0.048888198516370496
TH Glut,Stxbp6,-0.05347374318039644
TH Glut,Cdh20,-0.05688224209006676
TH Glut,Drd2,-0.07052851193461152
TH Glut,Fign,-0.07058272824948553
TH Glut,Sv2b,-0.07269845790346419
TH Glut,Grik1,-0.07499817330853098
TH Glut,Nr4a3,-0.0767148319630444
TH Glut,Agt,-0.0805948871289659
TH Glut,Grm3,-0.08092478085828692
TH Glut,Hs3st4,-0.08125389846300068
TH Glut,Adamts19,-0.08396551948238051
TH Glut,Adcy2,-0.08668980402820003
TH Glut,Sulf2,-0.08703170513419733
TH Glut,Gja1,-0.0900998781608453
TH Glut,Gm30564,-0.09350298287448155
TH Glut,Gad2,-0.09444877740424418
TH Glut,Lpar1,-0.09493234709614606
TH Glut,Mkx,-0.10381083386960199
TH Glut,Slc17a6,-0.1040379040343773
TH Glut,Pnoc,-0.11947243644546979
TH Glut,Nhlh2,-0.12564560033379713
TH Glut,Kcnab3,-0.12579069304725832
TH Glut,Htr7,-0.12788655772196056
TH Glut,Spock3,-0.13456077613345108
TH Glut,Ptprm,-0.142228849266389
TH Glut,Chn2,-0.14366181424985314
TH Glut,Ptk2b,-0.14783616192141902
TH Glut,Dscaml1,-0.1497563110105078
TH Glut,Nr2f1,-0.14999150068646072
TH Glut,Tgfbr2,-0.16017119319430062
TH Glut,Lrp4,-0.16131181310981058
TH Glut,Edaradd,-0.16280514169627058
TH Glut,Igfbp2,-0.1691714109058824
TH Glut,Adra1b,-0.17040671037440758
TH Glut,Tox3,-0.17167215699581928
TH Glut,Shroom3,-0.17938450292661212
TH Glut,Trhde,-0.20062484514700185
TH Glut,Necab1,-0.20413882871536781
TH Glut,Tnnt1,-0.20507616618885915
TH Glut,Tnc,-0.21213886612085875
TH Glut,Tshz2,-0.22325676740546418
TH Glut,Chrm3,-0.2515859768394595
TH Glut,Tox,-0.2567480295739857
TH Glut,Rasgrp1,-0.26308123118880955
TH Glut,St3gal1,-0.2683734568670322
TH Glut,Nptx2,-0.26878056636728753
TH Glut,Col18a1,-0.30412861243326583
TH Glut,Gfap,-0.3120153677787765
TH Glut,Nxph1,-0.33082107831865804
TH Glut,Aqp4,-0.36367633683534994
TH Glut,Calb1,-0.37422916516714433
TH Glut,Col24a1,-0.40252221223622775
TH Glut,Tafa2,-0.40399468576610986
TH Glut,Chrm2,-0.4041828747742835
TH Glut,Sox5,-0.42859879875478013
TH Glut,Gpr88,-0.4369716050681334
TH Glut,Sema5a,-0.4651017973533518
TH Glut,Cdh6,-0.5179491014466864
TH Glut,Shox2,-0.5294648014335628
TH Glut,Gfra1,-0.5299112385275586
TH Glut,Unc13c,-0.5574393454194901
TH Glut,Nr2f2,-0.6389508090169826
TH Glut,Syt2,-0.6412646376798168
TH Glut,Sox2,-0.7344515271302057
TH Glut,Tmem132c,-0.8024436280999414
TH Glut,Sorcs3,-0.8247506291400388
TH Glut,Calb2,-0.9338647611631414
TH Glut,Grik3,-1.0121451830537112
TH Glut,Whrn,-1.320996667931856
TH Glut,Adgrf5,-1.6619889706557873
TH Glut,Cnih3,-1.6756198852177278
TH Glut,Sp9,-1.8745871917148764
TH Glut,Pappa,-2.3833648263559497
MB Glut,Sntg2,0.0945876661082301
MB Glut,Nxph1,0.07493529272595001
MB Glut,Gpc3,0.06195927794739897
MB Glut,Tmem132c,0.049167035984375884
MB Glut,Otof,0.049116559792093506
MB Glut,Syt6,0.04316859048119859
MB Glut,Rprm,0.040033954360392365
MB Glut,Cbln2,0.03372002739805213
MB Glut,Dscaml1,0.026754757764827164
MB Glut,Cacng3,0.02636521698300709
MB Glut,Tacr1,0.024482627481337116
MB Glut,Tshz2,0.024009837732243855
MB Glut,Syndig1,0.022015414818753798
MB Glut,Chrm3,0.01954434386653381
MB Glut,Syt10,0.015196479522197603
MB Glut,Crhbp,0.014334770728750779
MB Glut,Nos1,0.013405002634056418
MB Glut,Prlr,0.01307962875392188
MB Glut,Cntnap3,0.012905776408919989
MB Glut,Grm8,0.01171418618432718
MB Glut,Glra3,0.011514714942050364
MB Glut,Col18a1,0.008677664198568413
MB Glut,Ptprm,0.006666553467526093
MB Glut,Dchs2,0.004951727149127505
MB Glut,Fibcd1,0.0008833135401222769
MB Glut,Sorcs3,-0.002699617337895921
MB Glut,Glra2,-0.003674694616895957
MB Glut,Rab3b,-0.0040381506856383975
MB Glut,Nrp1,-0.005486170087726894
MB Glut,Barhl2,-0.007225444115434909
MB Glut,Unc13c,-0.008132946213641468
MB Glut,Gsta4,-0.008414696324411164
MB Glut,Nfib,-0.009644718790296158
MB Glut,Pde1a,-0.009819691607517722
MB Glut,Unc5d,-0.011090746178413324
MB Glut,Npas1,-0.011937991394114444
MB Glut,Adamts2,-0.012204100011674601
MB Glut,Chn2,-0.0124278346069715
MB Glut,Serpine2,-0.012825161011926323
MB Glut,Dlk1,-0.013836286214113036
MB Glut,Whrn,-0.01429645915965061
MB Glut,Parm1,-0.017178939915354796
MB Glut,Epha4,-0.017893662285482392
MB Glut,Fstl5,-0.01867811059883362
MB Glut,Tox3,-0.023299320184208883
MB Glut,Nfix,-0.025089617356483185
MB Glut,Sema5a,-0.026531924814805263
MB Glut,Zfhx4,-0.026619822836758678
MB Glut,Nr2f2,-0.027823202467917474
MB Glut,Cbln1,-0.02860790087767273
MB Glut,Tacr3,-0.033501913551376106
MB Glut,Arhgap36,-0.03434928610875998
MB Glut,Lhfpl5,-0.03440774564403881
MB Glut,Necab1,-0.03539248429170394
MB Glut,Synpr,-0.03631923918310931
MB Glut,Sv2b,-0.040362485317885666
MB Glut,Reln,-0.04375098222353735
MB Glut,Th,-0.04627784611478325
MB Glut,Col11a1,-0.047032282532845526
MB Glut,Htr7,-0.049318299022184986
MB Glut,Zfpm2,-0.050231450119212706
MB Glut,Bmp3,-0.050599567179172134
MB Glut,Spon1,-0.05307695082134267
MB Glut,Samd5,-0.05536531423337254
MB Glut,Grm3,-0.05748658331191048
MB Glut,Cbln4,-0.06084106311414961
MB Glut,Sv2c,-0.06127330926835883
MB Glut,Trhr,-0.06684944965201023
MB Glut,Cntn6,-0.06771648350086679
MB Glut,Tac2,-0.06871999456523548
MB Glut,Chrm2,-0.07027639984010747
MB Glut,Ctss,-0.07126816790720203
MB Glut,Tox,-0.07296552476687168
MB Glut,Dach1,-0.07484309034711223
MB Glut,Shox2,-0.07724037045463827
MB Glut,Rgs4,-0.07855953949254268
MB Glut,Lypd6,-0.07891749730800379
MB Glut,Lypd1,-0.08821949518844097
MB Glut,Cdh6,-0.08893070711288242
MB Glut,Htr1b,-0.08909537070791207
MB Glut,Pcp4l1,-0.08914000678046619
MB Glut,Rmst,-0.09037609645099853
MB Glut,Gpx3,-0.10645743271801744
MB Glut,Slit3,-0.10976683050082237
MB Glut,Stxbp6,-0.11512098681703398
MB Glut,Agt,-0.11731031597899699
MB Glut,Baiap3,-0.11853220658663166
MB Glut,Kcnk9,-0.11946946999874686
MB Glut,Lncenc1,-0.12229821717382094
MB Glut,Hs3st4,-0.12365216839218829
MB Glut,Cdh20,-0.12784459133728965
MB Glut,Gja1,-0.12964970146847832
MB Glut,Sox5,-0.13015269578881972
MB Glut,Ndst4,-0.1380221849243386
MB Glut,Zic1,-0.1425745057063934
MB Glut,Galnt18,-0.14736406295491156
MB Glut,Mdga1,-0.14741963312087436
MB Glut,Grem1,-0.16604423531235368
MB Glut,Sp9,-0.186324163830623
MB Glut,Syt17,-0.20132949872096906
MB Glut,Gfra1,-0.20482771715771175
MB Glut,Ankfn1,-0.20499004495518047
MB Glut,Plpp4,-0.21062987515681475
MB Glut,Grm1,-0.2185147409503796
MB Glut,Kctd8,-0.21882340574517478
MB Glut,Esyt3,-0.2195148110310403
MB Glut,Syndig1l,-0.2212573677055587
MB Glut,Syt2,-0.22388266279480473
MB Glut,Sulf2,-0.22938310183038113
MB Glut,Gad2,-0.23557959190623445
MB Glut,Grik3,-0.25386593164666404
MB Glut,Tafa2,-0.26549902485216514
MB Glut,Drd2,-0.2728344410675916
MB Glut,Vwa5b1,-0.2732957900224944
MB Glut,Ebf3,-0.30022571129870124
MB Glut,Sema3e,-0.3021518954831428
MB Glut,Sox2,-0.31930438741399847
MB Glut,Npy2r,-0.32866930335208
MB Glut,Slc32a1,-0.3369883981201578
MB Glut,Scn5a,-0.3438702748641129
MB Glut,Zfp521,-0.36721235310863176
MB Glut,Calb1,-0.37437140040484707
MB Glut,Gpr101,-0.37964479397370465
MB Glut,Trpc7,-0.3829140102052542
MB Glut,Kitl,-0.3836573969477628
MB Glut,Grik1,-0.39284858876824713
MB Glut,Nr2f1,-0.43312703087144677
MB Glut,Bnc2,-0.4480374099328308
MB Glut,Ldb2,-0.4510048773601345
MB Glut,Zbtb16,-0.4863417514819779
MB Glut,Adcy2,-0.5130448283908327
MB Glut,Dgkk,-0.523473165299186
MB Glut,Hopx,-0.5330296742661036
MB Glut,Ngb,-0.535931092000794
MB Glut,Caln1,-0.5452413509609964
MB Glut,C1ql3,-0.5662969619801956
MB Glut,Calb2,-0.607990635324815
MB Glut,Nts,-0.6598889821055376
MB Glut,Npsr1,-0.6612672140618621
MB Glut,Pou3f3,-0.6735804177528801
MB Glut,St6galnac5,-0.6944752456728929
MB Glut,Elfn1,-0.7323038132229542
MB Glut,Htr2a,-0.8054195242488003
MB Glut,Nxph4,-0.8431620100763626
MB Glut,Trhde,-0.8508299820015413
MB Glut,Cnr1,-1.1064955690277474
MB Glut,Six3,-1.1068007746246202
MB Glut,Gpr83,-1.5447181939926673
MB Glut,Pitx2,-2.99307601753271
MB Glut,Tcf7l2,-3.686353987378835
MB GABA,Sox14,0.46270623982588666
MB GABA,Sv2c,0.42565306439286543
MB GABA,Cldn5,0.23238236902424303
MB GABA,Kcnk9,0.16733249153816032
MB GABA,Unc5d,0.09485522690132375
MB GABA,Htr1b,0.07889052482974346
MB GABA,Stxbp6,0.0732705967257048
MB GABA,Mog,0.06064856238891703
MB GABA,Tox3,0.017154349723754292
MB GABA,Chrnb3,-0.002418103344949074
MB GABA,Slit3,-0.00555635110787378
MB GABA,Smoc2,-0.01450661303496803
MB GABA,Ctss,-0.017203432327378865
MB GABA,Aqp4,-0.04924733773897105
MB GABA,Drd2,-0.07673052163018013
MB GABA,Dlk1,-0.07700129300989333
MB GABA,Onecut2,-0.10641149362041857
MB GABA,Otof,-0.1064539398346449
MB GABA,Stac,-0.11539101888723025
MB GABA,Grik1,-0.1306286861965864
MB GABA,Gfap,-0.14000753479843553
MB GABA,Sox10,-0.16300677680469922
MB GABA,Slc17a6,-0.19057466363323483
MB GABA,Fosl2,-0.19359290800055895
MB GABA,Otx2,-0.20984983777351984
MB GABA,Rorb,-0.2487894441709384
MB GABA,Nr2f1,-0.2571979027628237
MB GABA,Tafa2,-0.26410855324377125
MB GABA,Fibcd1,-0.27158261205859024
MB GABA,Cnr1,-0.2742938957212544
MB GABA,Rgs4,-0.2892404227430341
MB GABA,Synpr,-0.29152071617882
MB GABA,Ptprm,-0.2937903895738183
MB GABA,Spon1,-0.2940470251569005
MB GABA,Rmst,-0.2965874462628768
MB GABA,Parm1,-0.32863282561673746
MB GABA,Rasgrp1,-0.33930980636860375
MB GABA,Dchs2,-0.3702332467102849
MB GABA,Unc13c,-0.37693516580915665
MB GABA,Sema5a,-0.3855904952477349
MB GABA,Sorcs3,-0.3889447879884016
MB GABA,Bcl11a,-0.41286657646108704
MB GABA,Ldb2,-0.4218637817080473
MB GABA,Lhfp,-0.4289563792473843
MB GABA,Cbln2,-0.539800512335235
MB GABA,Hs3st4,-0.5760040406665468
MB GABA,Igf1,-0.5782342060392318
MB GABA,Tnnt1,-0.5969083821899297
MB GABA,Galnt18,-0.639142607403917
MB GABA,Mdga1,-0.6460139174144592
MB GABA,Cxcl14,-0.6511645833278248
MB GABA,Slc30a3,-0.6553185370463481
MB GABA,Qpct,-0.6681370657050678
MB GABA,Cdh6,-0.680000069167084
MB GABA,Gja1,-0.6908060399181049
MB GABA,Kctd8,-0.7088979018670076
MB GABA,Chrm2,-0.7266211263536566
MB GABA,Samd5,-0.7436135563845332
MB GABA,Spock3,-0.746787111547369
MB GABA,Nrp1,-0.8794001923678587
MB GABA,Grm1,-0.9116121074809911
MB GABA,Scn4b,-0.9296295374735157
MB GABA,Grik3,-0.9414165135422401
MB GABA,Nos1,-1.0116736796812065
MB GABA,Necab1,-1.012210118425839
MB GABA,Cacng3,-1.0179956742986143
MB GABA,Slc17a7,-1.0607730945107243
MB GABA,Lypd1,-1.1613457291285898
MB GABA,C1ql3,-1.1746869216114986
MB GABA,Shox2,-1.17900991999471
MB GABA,Lncenc1,-1.2675944870611424
MB GABA,Grm3,-1.4588398087666645
MB GABA,Ramp3,-1.4995931805618508
MB GABA,Nr4a3,-1.5313320628199025
MB GABA,Pou3f3,-1.5728698011969926
MB GABA,Nr2f2,-1.5956387475942493
MB GABA,Cdh20,-1.6252606999889974
MB GABA,Whrn,-1.6657870435490985
MB GABA,St6galnac5,-1.898328202165965
MB GABA,Sulf2,-1.9765007703257105
MB GABA,Sv2b,-2.031234920873178
MB GABA,Gpr139,-2.105417211565137
MB GABA,Cntn6,-2.214648098536224
MB GABA,Zfpm2,-2.2320131034794595
MB GABA,Lmo1,-2.2416611139174245
MB GABA,Chrm3,-2.2808119571369505
MB GABA,Syt17,-2.320201595534706
MB GABA,Caln1,-2.331363113035181
MB GABA,Zic1,-2.4630113641992155
MB GABA,Fstl5,-2.4802949885825862
MB GABA,Col11a1,-2.5867196768569825
MB GABA,Htr2a,-2.6242199702293187
MB GABA,Tmem215,-2.649156742508382
MB GABA,Dgkk,-2.674205949777887
MB GABA,Pvalb,-2.7079213767113535
MB GABA,Tox,-2.764335707260748
MB GABA,Arhgap36,-2.7838389522913327
MB GABA,Marcksl1,-2.8072871537300395
MB GABA,Gsta4,-2.8190884485141128
MB GABA,Kcnab3,-3.087403508814739
MB GABA,Slc1a3,-3.116002745296721
MB GABA,Elfn1,-3.248573454116153
MB GABA,Reln,-3.308303229579403
MB GABA,Gfra1,-3.3970834191860124
MB GABA,Syndig1l,-3.5731885630848925
MB GABA,Cgnl1,-3.758210436246422
MB GABA,Rwdd2a,-3.932282530364838
MB GABA,Calb1,-3.936093850229784
MB GABA,Vwc2,-3.9910359396753474
MB GABA,Npas1,-4.113836054357619
MB GABA,Nfix,-4.380234100541575
MB GABA,Lypd6,-4.792710269623554
MB GABA,Glra3,-5.039796815335364
MB GABA,Syndig1,-5.14553788683247
MB GABA,Gpc3,-5.196641595079132
MB GABA,Nfib,-5.492996043774966
MB GABA,Ecel1,-5.548287743899821
MB GABA,Adcy2,-6.140644673481022
MB GABA,Sox2,-6.168606016938076
MB GABA,Syt2,-6.903857317689427
MB GABA,Agt,-6.939931958983415
MB GABA,Epha4,-7.257105983306364
MB GABA,Pcp4l1,-7.882200902179568
MB GABA,Rxfp1,-10.068620189001404
MB GABA,Nxph1,-10.932363587435074
MB GABA,Vwa5b1,-11.128207779262672
MB GABA,Pdzrn3,-11.543609655686186
MB GABA,Hs3st3b1,-12.00826579512762
MB GABA,Dscaml1,-12.01160101093974
MB GABA,Zfhx4,-12.301127320098118
MB GABA,Tacr3,-12.804469321284776
MB GABA,Scn5a,-13.472845116250896
MB GABA,Lamp5,-13.545081477039774
MB GABA,Tcf7l2,-14.065685828374235
MB GABA,Rab3b,-14.269464626703762
MB GABA,Baiap3,-14.341583994207731
MB GABA,Fxyd6,-17.163152508359037
MB GABA,Pde1a,-17.168535408904066
MB GABA,Ngb,-17.536700368339798
MB GABA,Tal1,-17.557561056091643
MB GABA,Cbln4,-17.794293361464284
MB GABA,Six3,-23.066362855986643
MB GABA,Syt10,-23.877509324008695
MB GABA,Syt6,-25.966134550263824
MB GABA,Calb2,-37.23894404690184
MB GABA,Gpr101,-44.42925073846084
MB GABA,Pnoc,-45.20423530093804
MB GABA,Qrfpr,-639036229251.9609
MB GABA,Drd1,-1529761771199.5916
MB GABA,Tacr1,-5898884249368.507
Astro-Epen,Lamp5,0.1930255331487316
Astro-Epen,Sv2b,0.14647476861793407
Astro-Epen,Pvalb,0.10472082827377804
Astro-Epen,Slc17a7,0.0954280036316737
Astro-Epen,Nrn1,0.08804515371934052
Astro-Epen,Ltbp1,0.06596856404465168
Astro-Epen,Slc7a10,0.05937608796345839
Astro-Epen,Synpr,0.054614862245553675
Astro-Epen,Zbtb16,0.04931178474685616
Astro-Epen,Cnr1,0.049303153693685764
Astro-Epen,Lypd1,0.04698732548028828
Astro-Epen,Epha4,0.04224016038964706
Astro-Epen,Grin2c,0.04060411116181284
Astro-Epen,Six3,0.035888727335734116
Astro-Epen,Pde1a,0.025966330325071785
Astro-Epen,Igfbp4,0.02253047304653255
Astro-Epen,Nr2f2,0.019532507960435375
Astro-Epen,Ptk2b,0.01922425642260872
Astro-Epen,Gfap,0.018531310493715147
Astro-Epen,Rgs4,0.018185899617313872
Astro-Epen,Sox5,0.017930034111065418
Astro-Epen,C1ql3,0.015886164447576512
Astro-Epen,Nptx2,0.01559638097349303
Astro-Epen,Samd5,0.012117466326850956
Astro-Epen,Stxbp6,0.01180437051781602
Astro-Epen,Slc32a1,0.011487108216447495
Astro-Epen,Adamts9,0.010799878987954314
Astro-Epen,Gda,0.010637789679349807
Astro-Epen,Ccn3,0.010356634128970255
Astro-Epen,Nfib,0.009035714045752541
Astro-Epen,Mog,0.006973094300996907
Astro-Epen,Lypd6,0.006745507463164713
Astro-Epen,Ptprm,0.006709009535993293
Astro-Epen,Sox2,0.0065726965715351415
Astro-Epen,Rgs6,0.006116128720431546
Astro-Epen,Nr2f1,0.005964322021591029
Astro-Epen,Lhfp,0.004268451130160944
Astro-Epen,Zeb2,0.004245069527608503
Astro-Epen,Foxo1,0.0032565553668267855
Astro-Epen,Tmie,0.0025495815734424276
Astro-Epen,Rprm,0.0023096596940367364
Astro-Epen,Unc13c,0.001207587766626106
Astro-Epen,Sox10,0.00031529775925831505
Astro-Epen,Gfra1,-1.0161646762707477e-05
Astro-Epen,Ldb2,-5.545814299856566e-05
Astro-Epen,Slc7a11,-0.00019203582410010078
Astro-Epen,Tox,-0.001007133753756717
Astro-Epen,Nrp1,-0.0013925970123791487
Astro-Epen,Calb1,-0.002716530009277962
Astro-Epen,Rasgrp1,-0.0031848611240499203
Astro-Epen,Emx2,-0.003278073098439638
Astro-Epen,Sulf2,-0.004571119995162354
Astro-Epen,Lhx2,-0.005350808331606283
Astro-Epen,Sox6,-0.005359792930388574
Astro-Epen,Cldn5,-0.005487535008700917
Astro-Epen,Gli2,-0.005856254582649489
Astro-Epen,Ramp1,-0.006261557973074261
Astro-Epen,Zfp521,-0.00642421344043731
Astro-Epen,Cd34,-0.006510806440573891
Astro-Epen,Nr4a2,-0.007033908698467428
Astro-Epen,Mdga1,-0.008448868890614358
Astro-Epen,Tcf7l2,-0.00868794979468257
Astro-Epen,Fli1,-0.009333764888656892
Astro-Epen,Dscaml1,-0.009775216799281061
Astro-Epen,Opalin,-0.01026286109096497
Astro-Epen,Fxyd6,-0.010272291202386707
Astro-Epen,Ctss,-0.010683655494719613
Astro-Epen,Tbcc,-0.011032365037508152
Astro-Epen,Tnc,-0.013139700935829168
Astro-Epen,Hopx,-0.014582903897023991
Astro-Epen,Galnt18,-0.014587212899408453
Astro-Epen,Zfhx4,-0.017086840425578842
Astro-Epen,Zfpm2,-0.017318542509786816
Astro-Epen,Bmpr1b,-0.017349878273257957
Astro-Epen,Hs3st4,-0.018838303276217383
Astro-Epen,Lrp4,-0.022441443615062395
Astro-Epen,Syt10,-0.024939983928135012
Astro-Epen,Vit,-0.02739099519273336
Astro-Epen,Pcp4l1,-0.03129240591812166
Astro-Epen,Acta2,-0.03145063630514211
Astro-Epen,Gli3,-0.03568769477650813
Astro-Epen,Adcy2,-0.039122216353485006
Astro-Epen,Nr4a3,-0.04102349749923051
Astro-Epen,Spock3,-0.042384663267492684
Astro-Epen,Zic1,-0.04416879667298579
Astro-Epen,Dcn,-0.049011939183333464
Astro-Epen,Rmst,-0.049983208170952365
Astro-Epen,Sema5a,-0.051269139165044386
Astro-Epen,Prkd1,-0.05347596705056579
Astro-Epen,Pax6,-0.055699581646988516
Astro-Epen,Aqp4,-0.055827526019629925
Astro-Epen,Ramp3,-0.06483229070326968
Astro-Epen,Pdgfd,-0.06656785524504505
Astro-Epen,Marcksl1,-0.06818089960546381
Astro-Epen,Maf,-0.06961998752521592
Astro-Epen,Lpar1,-0.0746611669416315
Astro-Epen,Fam163a,-0.08206690144909867
Astro-Epen,Grm3,-0.08213997224337888
Astro-Epen,Rorb,-0.0824110878761588
Astro-Epen,St6galnac5,-0.08488940644372334
Astro-Epen,Cdh20,-0.09122075192641188
Astro-Epen,Zfp536,-0.09166679696835267
Astro-Epen,Igsf1,-0.09291873697906983
Astro-Epen,Prkcq,-0.1022428558266697
Astro-Epen,Hdc,-0.10588694485539496
Astro-Epen,Pdzrn3,-0.10698834262036994
Astro-Epen,Slc38a1,-0.11763090541935939
Astro-Epen,Fras1,-0.1205724278000706
Astro-Epen,Cxcl14,-0.1227557462759643
Astro-Epen,Otx2,-0.12513098332123307
Astro-Epen,Cgnl1,-0.1282953414651462
Astro-Epen,Ccdc3,-0.12930670594406113
Astro-Epen,Cd24a,-0.12989509558210166
Astro-Epen,Cdkn1a,-0.13026219942569695
Astro-Epen,Calb2,-0.13172968967175347
Astro-Epen,Ccnd2,-0.1337143437886139
Astro-Epen,Dock5,-0.13959962621269173
Astro-Epen,Dsg2,-0.13993056535115844
Astro-Epen,Gad2,-0.1407105698362261
Astro-Epen,Creb3l1,-0.1413835903677041
Astro-Epen,Wnt7b,-0.146888664344049
Astro-Epen,Col8a1,-0.15049617451831
Astro-Epen,Vwa5b1,-0.15331669358991817
Astro-Epen,Gsta4,-0.15642694517633116
Astro-Epen,Prlr,-0.1565185410704344
Astro-Epen,Whrn,-0.16980074282900914
Astro-Epen,Igf2,-0.17358516302260818
Astro-Epen,Kl,-0.17370706035399475
Astro-Epen,Clic6,-0.17690069837798617
Astro-Epen,Aqp1,-0.18088248377035665
Astro-Epen,Pou3f3,-0.18546307208495816
Astro-Epen,Serpine2,-0.18761147310475024
Astro-Epen,Slc17a6,-0.1891914609557226
Astro-Epen,Syt17,-0.18953546077608974
Astro-Epen,Glis3,-0.1907619322364451
Astro-Epen,Tgfbr2,-0.19656506357981418
Astro-Epen,Baiap3,-0.19863343920952237
Astro-Epen,Gpr88,-0.20880658841579325
Astro-Epen,2900052N01Rik,-0.20898211754096985
Astro-Epen,Caln1,-0.2487841030408633
Astro-Epen,Shroom3,-0.2552093524860437
Astro-Epen,Igfbp2,-0.2575630938120388
Astro-Epen,Slc1a3,-0.2887558973813551
Astro-Epen,Necab1,-0.32238287417252387
Astro-Epen,Gja1,-0.3287489136037669
Astro-Epen,Tnnt1,-0.43141602005892876
Astro-Epen,Bcl11b,-0.45589027227582934
Astro-Epen,Nfix,-0.49000419753898705
Astro-Epen,Spon1,-0.6711579961248295
Astro-Epen,Agt,-0.8025758818138398
OPC-Oligo,Slc17a7,0.25851976110804475
OPC-Oligo,Gfap,0.2213428088524243
OPC-Oligo,Bcl11b,0.2003908565459196
OPC-Oligo,Igsf1,0.1750401307828623
OPC-Oligo,Tnnt1,0.16817872692159652
OPC-Oligo,Caln1,0.16808282761229376
OPC-Oligo,Gda,0.1598100265707133
OPC-Oligo,Tafa2,0.1560214646898055
OPC-Oligo,Grik3,0.14574065749307707
OPC-Oligo,Lypd1,0.14486845767867196
OPC-Oligo,2900052N01Rik,0.13796536736518805
OPC-Oligo,Fxyd6,0.1336130614925709
OPC-Oligo,Pde1a,0.13298842389926346
OPC-Oligo,Ldb2,0.12336669602559946
OPC-Oligo,Cnr1,0.12024741157661833
OPC-Oligo,Syt17,0.11933263366151403
OPC-Oligo,Elfn1,0.1152647999485924
OPC-Oligo,C1ql3,0.11487740840366889
OPC-Oligo,Zfhx4,0.11388500927771561
OPC-Oligo,Serpine2,0.11300057985797152
OPC-Oligo,Agt,0.10834429892860653
OPC-Oligo,Nxph1,0.10439781779044333
OPC-Oligo,Rprm,0.10267992889282118
OPC-Oligo,Baiap3,0.09937282608448239
OPC-Oligo,St6galnac5,0.09903006620825194
OPC-Oligo,Ecel1,0.08707045159747362
OPC-Oligo,Slc38a1,0.08592370463240018
OPC-Oligo,Tox,0.08109339163847218
OPC-Oligo,Spock3,0.07562031657600088
OPC-Oligo,Igfbp2,0.06965026942207686
OPC-Oligo,Sox5,0.06854574715670114
OPC-Oligo,Qpct,0.06777713938764773
OPC-Oligo,Mog,0.06524821629415867
OPC-Oligo,Slc1a3,0.06166359530330856
OPC-Oligo,Spon1,0.06093009328914856
OPC-Oligo,Hopx,0.06039674505849246
OPC-Oligo,Ntn1,0.05708900461491673
OPC-Oligo,Sulf2,0.05698872857019577
OPC-Oligo,Sorcs3,0.05597141463072319
OPC-Oligo,Synpr,0.054853162342984874
OPC-Oligo,Cntn6,0.054529206869611824
OPC-Oligo,C1ql1,0.054388761554162945
OPC-Oligo,Syt6,0.05298528080413001
OPC-Oligo,Whrn,0.05234601507369552
OPC-Oligo,Slc7a10,0.0512513710447674
OPC-Oligo,Adcy2,0.05031298025319775
OPC-Oligo,Cxcl14,0.04402277768280893
OPC-Oligo,Ltbp1,0.04389272690287882
OPC-Oligo,Lpar1,0.04202103406645419
OPC-Oligo,Vcan,0.041492060828437816
OPC-Oligo,Plpp4,0.04038023284918013
OPC-Oligo,Zfpm2,0.040145386052237164
OPC-Oligo,Rab3b,0.03873926433003605
OPC-Oligo,Gfra1,0.03865113107064144
OPC-Oligo,Dock5,0.03483963761382458
OPC-Oligo,Wnt7b,0.03456644920956076
OPC-Oligo,Cdh6,0.033159735969532034
OPC-Oligo,Dscaml1,0.03282716168204647
OPC-Oligo,Pou3f1,0.03186445165075358
OPC-Oligo,Samd5,0.031709319223859334
OPC-Oligo,Lypd6,0.029718085662496674
OPC-Oligo,Sema5a,0.02936796077327597
OPC-Oligo,Col11a1,0.028780587286498904
OPC-Oligo,Sv2b,0.028336286733267047
OPC-Oligo,Calb2,0.027839005363224256
OPC-Oligo,Sox6,0.026584734977101676
OPC-Oligo,Gad2,0.02637616612851834
OPC-Oligo,Ccnd2,0.02546064416630367
OPC-Oligo,Aqp4,0.022952520051669256
OPC-Oligo,Parm1,0.022805858323877493
OPC-Oligo,Gsta4,0.021411941437371906
OPC-Oligo,Zfp521,0.02134832070624393
OPC-Oligo,Prkcq,0.020781637301702127
OPC-Oligo,Ramp1,0.01916417126178005
OPC-Oligo,Stxbp6,0.019106440932330937
OPC-Oligo,Ust,0.017443347477690718
OPC-Oligo,Prkd1,0.015710907407275765
OPC-Oligo,Zfp536,0.015652459411731656
OPC-Oligo,Pcp4l1,0.014144517604841478
OPC-Oligo,Tent5a,0.01344128919184362
OPC-Oligo,Kit,0.013292609958833301
OPC-Oligo,Grik1,0.012657081447106977
OPC-Oligo,Cdh20,0.01252389492525452
OPC-Oligo,Gja1,0.01246198554894451
OPC-Oligo,Sox2,0.011906380963184748
OPC-Oligo,Nr2f1,0.011580816610802236
OPC-Oligo,Ptk2b,0.010549043702105187
OPC-Oligo,Slc32a1,0.01024847646660687
OPC-Oligo,Nfib,0.009447065811286404
OPC-Oligo,Mrpl16,0.008264844829646067
OPC-Oligo,Man1a,0.00814150030175953
OPC-Oligo,Opalin,0.0074806917158861674
OPC-Oligo,Hs3st4,0.007169728207834347
OPC-Oligo,Igfbp4,0.006684266503560576
OPC-Oligo,Adamts2,0.006428342281863175
OPC-Oligo,Grin2c,0.006151156384005652
OPC-Oligo,Col27a1,0.005351687137225114
OPC-Oligo,Tbcc,0.005215651516290332
OPC-Oligo,Klk6,0.004703721016654949
OPC-Oligo,St18,0.0025714251161409463
OPC-Oligo,Marcksl1,0.002156043825581766
OPC-Oligo,Zbtb16,0.002130920535549752
OPC-Oligo,Fign,0.0011688464104268048
OPC-Oligo,Bmp4,0.000346782167155002
OPC-Oligo,Ctss,0.0001945358583904655
OPC-Oligo,Tgfbr2,-4.638567666881421e-05
OPC-Oligo,Onecut2,-0.00032537734634718873
OPC-Oligo,Cdkn1a,-0.00117586781097212
OPC-Oligo,Fli1,-0.0021814272776927712
OPC-Oligo,Lrp4,-0.0026415423391075166
OPC-Oligo,Ddc,-0.0028396771029939316
OPC-Oligo,Fbn2,-0.003576948435365379
OPC-Oligo,Pou3f3,-0.004019287473010058
OPC-Oligo,Cldn5,-0.004072072228914703
OPC-Oligo,Shroom3,-0.004928450758485248
OPC-Oligo,Sox10,-0.005121860554267776
OPC-Oligo,Chn2,-0.009269669611342124
OPC-Oligo,Prom1,-0.009345248083486801
OPC-Oligo,C030029H02Rik,-0.009350536761825401
OPC-Oligo,Calb1,-0.01041920245739636
OPC-Oligo,Adamtsl1,-0.012700808501092897
OPC-Oligo,Zeb2,-0.020610746265832258
OPC-Oligo,Foxo1,-0.024779599155930088
OPC-Oligo,Ptprm,-0.02884542910746668
OPC-Oligo,Slc7a11,-0.031982429259902245
OPC-Oligo,Slc17a6,-0.03210357805759867
OPC-Oligo,Pvalb,-0.03723857876478154
OPC-Oligo,Syt2,-0.04003672259671953
OPC-Oligo,Unc13c,-0.041519443470519724
OPC-Oligo,Necab1,-0.042734324548048486
OPC-Oligo,Rorb,-0.04293771115994338
OPC-Oligo,Nfix,-0.04707934515395995
OPC-Oligo,Scn4b,-0.05361567388799915
OPC-Oligo,Meis1,-0.054922268885457814
OPC-Oligo,Grm3,-0.05581414313182709
OPC-Oligo,Epha4,-0.059529421889104484
OPC-Oligo,Cd34,-0.07572516967062337
OPC-Oligo,Grm1,-0.07707564001301392
OPC-Oligo,Gpr88,-0.0927155757351219
OPC-Oligo,Lhfp,-0.09561477881981806
OPC-Oligo,Nr2f2,-0.09794171176728561
OPC-Oligo,Lamp5,-0.12660904347567392
OPC-Oligo,Nrn1,-0.16126370914817878
OPC-Oligo,Nptx2,-0.2618469984883103
OPC-Oligo,Nr4a2,-0.2819719662812292
OPC-Oligo,Rgs4,-0.3504158415398779
OPC-Oligo,Rasgrp1,-0.3921238784740053
OPC-Oligo,Shox2,-0.52885032095962
OPC-Oligo,Tcf7l2,-0.6675483512600235
OPC-Oligo,Ramp3,-0.8436563357709221
Vascular,Slc17a7,0.17885442145222907
Vascular,Spon1,0.1663441375161857
Vascular,Agt,0.11022898357689637
Vascular,Serpine2,0.10655550991614149
Vascular,Igfbp6,0.07085427115263687
Vascular,Slc7a10,0.058325204047524726
Vascular,Nr2f1,0.048437766049961195
Vascular,Caln1,0.04724346300348348
Vascular,Whrn,0.04306333233228621
Vascular,Rgs4,0.033422544323293835
Vascular,Pdzrn3,0.02856568575596885
Vascular,Grm3,0.028470560288097913
Vascular,Sema5a,0.024345437308082807
Vascular,Ccdc3,0.02302013234763156
Vascular,Eya2,0.021431168537593637
Vascular,Gad2,0.02073899861448647
Vascular,Ptprm,0.01908955222573583
Vascular,Slc32a1,0.01732285829284108
Vascular,Col5a1,0.01620718629433171
Vascular,Ddc,0.01609575192922963
Vascular,Col23a1,0.014463972337503184
Vascular,Fxyd6,0.014056937481998433
Vascular,Bcl11b,0.012536755763455476
Vascular,Baiap3,0.010850370629995054
Vascular,Ptk2b,0.009596738701834195
Vascular,Hmcn1,0.009192009547181246
Vascular,Bnc2,0.00897881860625005
Vascular,Hopx,0.006540430122811913
Vascular,Maf,0.0060889232741857535
Vascular,Mcm6,0.005283376447616561
Vascular,Creb3l1,0.0051873452915487395
Vascular,Bmp4,0.004893103208401528
Vascular,Foxo1,0.004516453197634496
Vascular,Lhfp,0.004513664962289998
Vascular,Lrp4,0.004273214043688078
Vascular,Ctss,0.004078219397257388
Vascular,Kcnj8,0.003201991339273791
Vascular,Car4,0.002701273861558051
Vascular,Dock5,0.002629428082579044
Vascular,Galnt18,0.0024921317988245706
Vascular,Lama1,0.002245213186403472
Vascular,Adgrf5,0.00169862465764814
Vascular,Abcc9,0.00044882672585022654
Vascular,Slit3,-0.00039885019538821176
Vascular,Dach1,-0.0005370666175279482
Vascular,Ltbp1,-0.0009977467396733442
Vascular,Fbln2,-0.0014533558626634857
Vascular,Ntn1,-0.0015980148805203598
Vascular,Gja1,-0.0022025214409304716
Vascular,Ror1,-0.003326889519623011
Vascular,Ndnf,-0.0034719175587596407
Vascular,Zic1,-0.003733246519933786
Vascular,Arhgap25,-0.004220144451749563
Vascular,Cldn5,-0.0054583867121682506
Vascular,Gpc3,-0.005801004063982207
Vascular,Rasgrp1,-0.005934477805561222
Vascular,Col18a1,-0.00673129809487083
Vascular,Grin2c,-0.007792498603694131
Vascular,Pde3a,-0.008313877378734125
Vascular,Sox2,-0.008730803829968492
Vascular,Epha4,-0.00937654794676357
Vascular,Adcy2,-0.010027223260138163
Vascular,Zeb2,-0.011989957349587854
Vascular,Vegfc,-0.012025365138230493
Vascular,Tal1,-0.012695299794853288
Vascular,Ebf1,-0.013154532434652477
Vascular,Tbx3,-0.013523079078300526
Vascular,Gsta4,-0.014465212050132736
Vascular,Egflam,-0.016823763449942186
Vascular,Nrp1,-0.016946053751838663
Vascular,Acta2,-0.01822050035430478
Vascular,Prom1,-0.018342830102251684
Vascular,Pou3f3,-0.01867189817780046
Vascular,Gpr4,-0.019164546652429504
Vascular,Adamts9,-0.020177708102961045
Vascular,Samd5,-0.020221750103873504
Vascular,Zfp521,-0.020222784822945927
Vascular,Ramp1,-0.020529645281971876
Vascular,Necab1,-0.02108284836008556
Vascular,Rorb,-0.02125197223694597
Vascular,Synpr,-0.021705313524694736
Vascular,Slc7a11,-0.021707083956227224
Vascular,Fli1,-0.023917076188457287
Vascular,Igfbp2,-0.02450449294432122
Vascular,Unc13c,-0.02493069489900579
Vascular,Nfib,-0.025029742873550198
Vascular,Fosl2,-0.02554232939087142
Vascular,Cdkn1a,-0.025869604270376545
Vascular,Parm1,-0.026006844604530954
Vascular,Nrn1,-0.02636778781136284
Vascular,St3gal1,-0.027858111684174958
Vascular,Tshz2,-0.028482126362908478
Vascular,Stxbp6,-0.029553151511921616
Vascular,Rgs6,-0.0297051430480626
Vascular,Cnr1,-0.03380553585849566
Vascular,Kitl,-0.03507719195111503
Vascular,Igfbp4,-0.03663933248507956
Vascular,Mecom,-0.039739816514595905
Vascular,Hspg2,-0.043536145936999615
Vascular,Chn2,-0.044759279909520666
Vascular,Tgfbr2,-0.04517513725301048
Vascular,Clic5,-0.045515651102323584
Vascular,Igf2,-0.04640463366434333
Vascular,Nr4a2,-0.04806260656060135
Vascular,Pdgfd,-0.05084685718074411
Vascular,Grik3,-0.051043917368891245
Vascular,Lamp5,-0.05380346873960362
Vascular,Spock3,-0.055291528087776154
Vascular,Ighm,-0.05530764236662966
Vascular,Marcksl1,-0.05817199178667565
Vascular,Zfhx4,-0.05866542235445782
Vascular,Hs3st2,-0.06470140869717844
Vascular,Ccnd2,-0.06781671466395944
Vascular,Sema3c,-0.06854413318183794
Vascular,Tcf7l2,-0.07090398144373511
Vascular,Cgnl1,-0.07117757208862563
Vascular,Kl,-0.07213306462213454
Vascular,Pcp4l1,-0.07226088566365996
Vascular,Ramp3,-0.0837689691286414
Vascular,Ldb2,-0.08455986284943617
Vascular,Nr2f2,-0.08598246583628777
Vascular,Zbtb16,-0.0879767078537792
Vascular,Aqp4,-0.09187451831664073
Vascular,Nos1,-0.10650879244063005
Vascular,Rprm,-0.10916898679207754
Vascular,Ccn3,-0.10990927234945524
Vascular,Sv2b,-0.11860392902104633
Vascular,C1ql3,-0.11911791723092957
Vascular,Hs3st4,-0.12771163386116458
Vascular,Nfix,-0.13038983683374195
Vascular,St6galnac5,-0.13111282092939303
Vascular,Cxcl14,-0.13762312906351726
Vascular,Slc1a3,-0.13893403583089503
Vascular,Lypd1,-0.15355982055192263
Vascular,Scn4b,-0.1557511680070962
Vascular,Calb1,-0.15811888262860485
Vascular,Pde1a,-0.16259305554449632
Vascular,Sox10,-0.165351267358685
Vascular,Slc38a1,-0.16565223958324737
Vascular,Sulf2,-0.16571286095803273
Vascular,Gda,-0.16948334138509624
Vascular,Cd34,-0.1792718019554549
Vascular,Lpar1,-0.216890380416342
Vascular,Dcn,-0.25220661851978643
Vascular,Mog,-0.32179343332692256
Vascular,Tnnt1,-0.4229341744920525
Vascular,2900052N01Rik,-0.430683907744122
Vascular,Gpr88,-0.5639644801017791
Vascular,Pvalb,-0.605573193224394
Vascular,Gfap,-1.3315169582976258
Immune,Gda,0.10250303076470224
Immune,Lpar1,0.10231171154985508
Immune,Rgs4,0.08948966880134512
Immune,Tnnt1,0.0693393783973485
Immune,Pde1a,0.06414918941069248
Immune,Ccn3,0.05345481998251811
Immune,Pvalb,0.052677034402227485
Immune,Tshz2,0.04699433519777718
Immune,Hpgd,0.02948483041724137
Immune,St6galnac5,0.0294162445862598
Immune,Syt17,0.02528934484387102
Immune,Nxph1,0.02099987862016095
Immune,Lsp1,0.018813643582212825
Immune,Tafa2,0.018640667033625657
Immune,Nr2f1,0.01840782210590386
Immune,Grm3,0.01664218188385691
Immune,Sorcs3,0.015534541339282892
Immune,Ramp1,0.009938958409355547
Immune,Cacng3,0.009880822134245126
Immune,Fli1,0.007225706116522068
Immune,Grik3,0.006822935646177308
Immune,Chn2,0.005685227453538277
Immune,Cnr1,0.005336246712096315
Immune,Sox2,0.004595252577948461
Immune,Igfbp2,0.004481136557890952
Immune,Syndig1,0.0035361820857526816
Immune,Tbcc,0.002611971928249357
Immune,Elfn1,0.001547301029564685
Immune,Sulf2,0.000751773389064958
Immune,Slc38a1,0.000505687831291679
Immune,Zfp536,-7.050654286300251e-05
Immune,Cxcl14,-0.00031216632559072366
Immune,Slc32a1,-0.0007199207953192399
Immune,Cgnl1,-0.002315430527111806
Immune,Epha4,-0.0025431774542119534
Immune,Mrpl16,-0.0026072911962633505
Immune,Adgrf5,-0.004300161953453507
Immune,Gfra1,-0.004745990935814737
Immune,Slit3,-0.005354167991982184
Immune,Nptx2,-0.006802766616803346
Immune,Slc7a10,-0.006878366136498393
Immune,C1ql3,-0.0075871945707894906
Immune,Nos1,-0.008167385047502362
Immune,Cd36,-0.008175337446684416
Immune,Rab3b,-0.008377308255230309
Immune,Npnt,-0.009312303107001929
Immune,Gad2,-0.009480957067203644
Immune,Gja1,-0.009532536010854242
Immune,Ptprm,-0.011788060700685277
Immune,Arhgap25,-0.01212184264322258
Immune,Dcn,-0.012369163067385003
Immune,Clic5,-0.014387432942157163
Immune,Parm1,-0.015761887122462293
Immune,Slc7a11,-0.01587530014943206
Immune,Tgfbr2,-0.01647337650320546
Immune,Aqp4,-0.017639701940768804
Immune,Sla,-0.019858647118184303
Immune,Lpl,-0.02127983249534826
Immune,Cd34,-0.022590551696507033
Immune,Rorb,-0.02280363681894859
Immune,Gpx3,-0.02288843489657344
Immune,Ebf3,-0.023136236944835797
Immune,Tent5a,-0.023250017730491512
Immune,Serpine2,-0.02365830264168789
Immune,Sema5a,-0.025080626011516838
Immune,Col27a1,-0.026108942042581518
Immune,Necab1,-0.0289177276837993
Immune,Nr4a2,-0.029201781028628915
Immune,Nrp1,-0.02959969510197169
Immune,Sox6,-0.030789119489660788
Immune,Whrn,-0.03503543430589762
Immune,Ldb2,-0.035732524258649034
Immune,Ust,-0.039275399112358444
Immune,Foxo1,-0.04086741738610322
Immune,Lhfp,-0.041349797104219155
Immune,Zeb2,-0.04362900524667346
Immune,Scn4b,-0.04425819915114415
Immune,Slc1a3,-0.04622988204788259
Immune,Fxyd6,-0.047175039240069605
Immune,Samd5,-0.04825864778776201
Immune,Ptk2b,-0.049006238317537365
Immune,Fyb,-0.049803180911019096
Immune,Bcl11a,-0.05025566018516647
Immune,Fosl2,-0.055053257930998356
Immune,Zbtb16,-0.05592493740118143
Immune,Calb2,-0.05667823434896091
Immune,Grin2c,-0.05725610685769622
Immune,Marcksl1,-0.05850519138206689
Immune,Synpr,-0.060749304302787355
Immune,Lamp5,-0.06078208250041617
Immune,Hs3st2,-0.06542089613050739
Immune,Cdkn1a,-0.07502033155453436
Immune,Tal1,-0.080339989931693
Immune,Lrp4,-0.08040446318950067
Immune,Lypd6,-0.0819905989173686
Immune,Crym,-0.08368381193856567
Immune,Adcy2,-0.08378761390777822
Immune,Cldn5,-0.08524948554448608
Immune,Shisa6,-0.08906183895935271
Immune,Stxbp6,-0.08964234588325093
Immune,Gsta4,-0.09174896008058142
Immune,Galnt18,-0.09396457105157285
Immune,Ctss,-0.10279023559703271
Immune,Kitl,-0.10305957359912643
Immune,Nrn1,-0.10329668972496431
Immune,Nr2f2,-0.1099136273075636
Immune,Sv2b,-0.112059159968394
Immune,2900052N01Rik,-0.11358580652102845
Immune,Lmo3,-0.12383984799939074
Immune,Slc17a6,-0.1268975952061313
Immune,Spock3,-0.12881181372995743
Immune,Caln1,-0.13048833901221601
Immune,Man1a,-0.13350382426670726
Immune,Rasgrp1,-0.1362633087957077
Immune,Nr4a3,-0.13932595281082127
Immune,Igf2,-0.14436423909144191
Immune,Slc30a3,-0.14460107279876588
Immune,Calb1,-0.14739331305350944
Immune,Fibcd1,-0.1477809716968168
Immune,Lypd1,-0.14945086484813874
Immune,Ccnd2,-0.14993011349068297
Immune,Dscaml1,-0.1504404303062783
Immune,Maf,-0.15208318266115328
Immune,Rprm,-0.15613408590829558
Immune,Ighm,-0.15676520584266207
Immune,Cdh20,-0.17556730217518557
Immune,Igfbp4,-0.18057026366742623
Immune,Unc13c,-0.19729663498937589
Immune,Pou3f1,-0.2166151709124775
Immune,Car4,-0.21920889963106904
Immune,Sox10,-0.22483568384121755
Immune,Pcp4l1,-0.24920383008586433
Immune,Nfib,-0.26781334397724255
Immune,Bcl11b,-0.28315518786175464
Immune,Gpr88,-0.3103125916784173
Immune,Spon1,-0.3209212919884785
Immune,Mog,-0.33034101751331035
Immune,Hs3st4,-0.3826627004126655
Immune,Opalin,-0.3856945496872557
Immune,Pou3f3,-0.444502348143224
Immune,Hopx,-0.45284540887267566
Immune,Nfix,-0.4637337798292058
Immune,Ramp3,-0.5478558291807336
Immune,Baiap3,-0.5564784809235876
Immune,Tcf7l2,-0.7008637992648208
Immune,Gfap,-0.8464385624784618
Immune,Slc17a7,-0.8764636970174762
Immune,Igsf1,-0.9244614110670728
Immune,Cyp26b1,-1.7032320004958832
Immune,Agt,-1.9412919429517892
